id,svl,lc,m,marks,eggs,pore,colour,loc,horm,sp,sex,date,RBC,hcRBC,lysRBC,paras,prop,check_rbc,check_par,check_sum
AC1,62,,2.65,0,,,,amrakits canyon,,D.dahli,f,25042023,3610,367,47,226,0.0531764705882353,,,4250
AC10,63,,2.99,0,,,,amrakits canyon,,D.dahli,f,25042023,,,,,,,,0
AC100,60,84r,3.41,,1,,,amrakits canyon,88.96,D.dahli,f,15062023,1703,28,102,236,0.11406476558724,209,,2278
AC101,67,121,5,2,1,,,amrakits canyon,218.8,D.dahli,f,15062023,,,,,,,,0
AC102,63,105r,4.58,1,1,,,amrakits canyon,67.05,D.dahli,f,15062023,227,78,32,50,0.129198966408269,320,,707
AC103,64,60r,4,1,1,,,amrakits canyon,29,D.dahli,f,15062023,1034,59,120,14,0.0114099429502852,325,,1552
AC104,64,80r,3.87,1,1,,,amrakits canyon,90.41,D.dahli,f,15062023,1411,38,34,111,0.0696361355081556,44,,1638
AC105,58,18r,2.6,,1,,,amrakits canyon,,D.dahli,f,15062023,,,,,,,,0
AC106,53,63r,2.47,,1,,,amrakits canyon,,D.dahli,f,15062023,,,,,,,,0
AC107,64,108,4.09,,1,,,amrakits canyon,,D.dahli,f,15062023,,,,,,,,0
AC108,63,88r,3.65,,,,,amrakits canyon,,D.dahli,f,15062023,,,,,,,,0
AC109,57,35r,3.28,,1,,,amrakits canyon,,D.dahli,f,15062023,,,,,,,,0
AC11,63,,3,0,,,,amrakits canyon,,D.dahli,f,25042023,,,,,,,,0
AC110,61,16r,3.21,1,1,,,amrakits canyon,,D.dahli,f,15062023,,,,,,,,0
AC111,58,88r,3.68,,,1,br,amrakits canyon,246.00,D.portschinskii,m,16062023,326,62,6,51,0.114606741573034,154,,599
AC112,57,28r,3.61,,,1,br,amrakits canyon,358.40,D.portschinskii,m,16062023,,,,,,,,0
AC113,62,88r,4.47,,,1,pale,amrakits canyon,303.60,D.portschinskii,m,16062023,,,,,,,,0
AC114,59,69r,3.94,,,"0,5",br,amrakits canyon,124.20,D.portschinskii,m,16062023,,,,,,,,0
AC115,57,115r,4.06,,,1,br,amrakits canyon,241.90,D.portschinskii,m,16062023,598,9,602,7,0.00575657894736842,989,,2205
AC116,64,93r,5.1,,,"0,5",pale,amrakits canyon,151.40,D.portschinskii,m,16062023,,,,,,,,0
AC117,59,83r,3.42,,,"0,5",pale,amrakits canyon,50.87,D.portschinskii,m,16062023,,,,,,,,0
AC118,67,93r,4.31,5,1,,,amrakits canyon,26,D.portschinskii,f,16062023,1307,9,20,0,0,462,,1798
AC119,57,80r,3.26,3,1,,,amrakits canyon,155.4,D.portschinskii,f,16062023,1926,14,8,4,0.00204918032786885,,-4,1948
AC12,70,,4.86,0,,,,amrakits canyon,,D.armeniaca,f,25042023,1261,37,22,3,0.00226757369614512,127,,1450
AC120,59,112,3.79,3,1,,,amrakits canyon,300,D.portschinskii,f,16062023,1946,9,10,24,0.0120663650075415,,,1989
AC121,59,87r,3.72,3,1,,,amrakits canyon,5.472,D.portschinskii,f,16062023,164,122,29,11,0.0337423312883436,627,,953
AC122,60,90r,3.5,5,1,,,amrakits canyon,56.03,D.portschinskii,f,16062023,,,,,,,,0
AC123,57,108,3.04,2,1,,,amrakits canyon,93.55,D.portschinskii,f,16062023,,,,,,,,0
AC124,64,68r,4.62,3,1,,,amrakits canyon,8.545,D.portschinskii,f,16062023,1281,42,63,92,0.0622462787550744,,,1478
AC125,62,106,3.76,2,1,,,amrakits canyon,19.54,D.portschinskii,f,16062023,2811,14,27,67,0.0229530661185337,,,2919
AC126,58,82r,3.06,2,1,,,amrakits canyon,,D.portschinskii,f,16062023,,,,,,,,0
AC127,54,102,2.67,3,1,,,amrakits canyon,,D.portschinskii,f,16062023,,,,,,,,0
AC128,57,61r,2.79,2,1,,,amrakits canyon,,D.portschinskii,f,16062023,,,,,,,,0
AC129,61,86r,3.51,4,1,,,amrakits canyon,,D.portschinskii,f,16062023,,,,,,,,0
AC13,71,,4.48,0,,,,amrakits canyon,,D.armeniaca,f,25042023,849,97,60,21,0.0204479065238559,,,1027
AC130,53,21r,2.17,2,1,,,amrakits canyon,,D.portschinskii,f,16062023,,,,,,,,0
AC131,60,102,3.71,3,1,,,amrakits canyon,,D.portschinskii,f,16062023,,,,,,,,0
AC132,62,115,4.35,0,0,,,amrakits canyon,34.72,DportXDdah,f,16062023,292,3,120,10,0.0235294117647059,232,,657
AC133,60,119,3.2,0,0,,,amrakits canyon,29.033,DportXDdah,f,16062023,1037,6,7,5,0.004739336492891,,,1055
AC134,63,10r,2.92,0,0,,,amrakits canyon,23.64,DportXDdah,f,16062023,,,,,,,,0
AC135,73,130r,5.58,0,0,,,amrakits canyon,31.497,D.armeniaca,f,16062023,,,,,,,,0
AC136,64,95r,5.25,,1,,,amrakits canyon,213.4,D.armeniaca,f,16062023,855,10,145,134,0.117132867132867,244,41,1429
AC137,67,103r,5.97,,1,,,amrakits canyon,253.7,D.armeniaca,f,16062023,2943,22,17,421,0.123714369673817,,,3403
AC138,68,100r,5.33,,1,,,amrakits canyon,211.5,D.armeniaca,f,16062023,2562,40,14,133,0.0483812295380138,,,2749
AC139,64,99r,4.84,,1,,,amrakits canyon,234.5,D.armeniaca,f,16062023,,,,,,,,0
AC14,68,,4.2,0,,,,amrakits canyon,,D.armeniaca,f,25042023,1537,63,16,20,0.0122249388753056,,3,1639
AC140,60,104,4.55,,1,,,amrakits canyon,28.27,D.armeniaca,f,16062023,2060,18,62,1,0.00046707146193367,,-1,2140
AC141,63,115,4.96,,1,,,amrakits canyon,89.29,D.armeniaca,f,16062023,2032,273,4,1,0.00043290043290043,,,2310
AC142,66,115,5.73,,1,,,amrakits canyon,51.84,D.armeniaca,f,16062023,1186,7,26,90,0.0687547746371276,323,6,1638
AC143,64,106,5.18,,1,,,amrakits canyon,244.1,D.armeniaca,f,16062023,1269,3,26,2,0.00153846153846154,,,1300
AC144,63,114,4.03,0,1,,,amrakits canyon,48.49,D.dahli,f,16062023,1435,66,36,127,0.0763221153846154,,,1664
AC145,63,93r,3.86,,1,,,amrakits canyon,,D.dahli,f,16062023,,,,,,,,0
AC146,63,18r,3.14,,1,,,amrakits canyon,,D.dahli,f,16062023,,,,,,,,0
AC147,50,61r,,,,,,amrakits canyon,,D.dahli,f,16062023,,,,,,,,0
AC148,57,105,3.31,,1,,,amrakits canyon,,D.dahli,f,16062023,,,,,,,,0
AC149,58,107,3.82,,,,,amrakits canyon,,D.dahli,f,16062023,,,,,,,,0
AC15,69,,5.04,0,,,,amrakits canyon,,D.armeniaca,f,25042023,3576,99,119,102,0.0261806981519507,,,3896
AC150,57,52r,,,,,,amrakits canyon,,D.dahli,f,16062023,,,,,,,,0
AC151,53,73r,2.77,,1,,,amrakits canyon,,D.dahli,f,16062023,,,,,,,,0
AC152,49,92,1.96,,,,,amrakits canyon,,D.dahli,f,16062023,,,,,,,,0
AC153,64,89r,3.78,,1,,,amrakits canyon,,D.dahli,f,16062023,,,,,,,,0
AC154,57,105,3,1,1,,,amrakits canyon,6.48,D.dahli,f,16062023,,,,,,,,0
AC155,61,15r,3.58,1,1,,,amrakits canyon,,D.dahli,f,16062023,,,,,,,,0
AC156,51,105,2.86,,1,,,amrakits canyon,,D.dahli,f,16062023,,,,,,,,0
AC157,54,94r,3,,1,,,amrakits canyon,,D.dahli,f,16062023,,,,,,,,0
AC158,48,94r,2.13,,,,,amrakits canyon,,D.dahli,f,16062023,,,,,,,,0
AC159,58,110,3.49,,1,,,amrakits canyon,,D.dahli,f,16062023,,,,,,,,0
AC16,59,,3.07,0,,,,amrakits canyon,,D.dahli,f,25042023,953,182,26,3,0.00257731958762887,80,,1244
AC160,63,85r,3.81,,1,,,amrakits canyon,,D.dahli,f,16062023,,,,,,,,0
AC161,62,50r,4,1,1,,,amrakits canyon,,D.dahli,f,16062023,,,,,,,,0
AC162,65,94r,4.32,,1,,,amrakits canyon,,D.dahli,f,16062023,,,,,,,,0
AC163,63,95r,3.86,,1,,,amrakits canyon,,D.dahli,f,16062023,,,,,,,,0
AC164,67,86,4.26,1,1,,,amrakits canyon,,D.dahli,f,16062023,,,,,,,,0
AC165,44,32r,1.54,,,,,amrakits canyon,,D.dahli,f,16062023,,,,,,,,0
AC166,55,94,3.12,,1,,,amrakits canyon,,D.dahli,f,16062023,,,,,,,,0
AC167,64,97,4.24,,1,,,amrakits canyon,,D.dahli,f,16062023,,,,,,,,0
AC168,62,92,4.15,,1,,,amrakits canyon,,D.dahli,f,16062023,,,,,,,,0
AC169,63,105,4.52,,1,,,amrakits canyon,,D.dahli,f,16062023,,,,,,,,0
AC17,66,,3.14,0,,,,amrakits canyon,,D.dahli,f,25042023,,,,,,,,0
AC170,57,102,3.32,,1,,,amrakits canyon,,D.dahli,f,16062023,,,,,,,,0
AC171,46,15r,1.53,,1,,,amrakits canyon,,D.dahli,f,16062023,,,,,,,,0
AC172,53,74r,2.3,,,,,amrakits canyon,,D.dahli,f,16062023,,,,,,,,0
AC173,47,23r,1.58,,,,,amrakits canyon,,D.dahli,f,16062023,,,,,,,,0
AC174,64,101r,4.47,,1,,,amrakits canyon,,D.dahli,f,16062023,,,,,,,,0
AC175,59,94r,3.25,,1,,,amrakits canyon,,D.dahli,f,16062023,,,,,,,,0
AC176,48,95r,2.21,,,,,amrakits canyon,,D.dahli,f,16062023,,,,,,,,0
AC177,61,81r,3.5,,1,,,amrakits canyon,,D.dahli,f,16062023,,,,,,,,0
AC178,62,110,3.76,,1,,,amrakits canyon,,D.dahli,f,16062023,,,,,,,,0
AC179,66,21r,3.73,,1,,,amrakits canyon,,D.dahli,f,16062023,,,,,,,,0
AC18,,,,0,,,,amrakits canyon,,D.dahli,f,25042023,1467,255,22,33,0.0185706246482836,,,1777
AC180,64,91r,4,,1,,,amrakits canyon,,D.dahli,f,16062023,,,,,,,,0
AC181,56,81r,2.66,,,,,amrakits canyon,,D.dahli,f,16062023,,,,,,,,0
AC182,56,63r,2.71,,1,,,amrakits canyon,,D.dahli,f,16062023,,,,,,,,0
AC183,56,95r,3.45,,1,,,amrakits canyon,,D.dahli,f,16062023,,,,,,,,0
AC184,58,72r,3,0,0,,,amrakits canyon,0.49,D.portschinskii,f,13092023,,,,,,,,0
AC185,57,110,3.8,,,0,1,amrakits canyon,77.50,D.portschinskii,m,13092023,,,,,,,,0
AC186,58,67r,2.8,1,0,,,amrakits canyon,9.66,D.portschinskii,f,13092023,1785,103,14,13,0.00678851174934726,,,1915
AC187,52,105,2.2,0,0,,,amrakits canyon,19.96,D.portschinskii,f,13092023,,,,,,,,0
AC188,52,121,2.6,,,0,"0,5",amrakits canyon,137.60,D.portschinskii,m,13092023,,,,,,,,0
AC189,65,116,4,1,0,,,amrakits canyon,12.08,D.portschinskii,f,13092023,,,,,,,,0
AC19,62,,3.08,0,,,,amrakits canyon,,D.dahli,f,25042023,1893,47,19,14,0.00709579320831222,,,1973
AC190,53,65r,2.2,0,0,,,amrakits canyon,3,D.portschinskii,f,13092023,,,,,,,,0
AC191,42,69r,1.2,,,0,"0,5",amrakits canyon,,D.portschinskii,m,13092023,,,,,,,,0
AC192,68,103r,5,0,0,,,amrakits canyon,14.94,DportXDdah,f,13092023,,,,,,,,0
AC193,57,112,2.2,0,0,,,amrakits canyon,24.29,D.dahli,f,13092023,,,,,,,,0
AC194,60,69r,3,0,0,,,amrakits canyon,23.07,D.dahli,f,13092023,,,,,,,,0
AC195,63,107r,3.4,0,0,,,amrakits canyon,39.13,D.dahli,f,13092023,170,13,30,6,0.0273972602739726,93,,312
AC196,59,17r,3.4,0,0,,,amrakits canyon,207.46,D.dahli,f,13092023,,,,,,,,0
AC197,64,85r,3,0,0,,,amrakits canyon,44.78,D.dahli,f,13092023,,,,,,,,0
AC198,52,41r,2,0,0,,,amrakits canyon,24.98,D.dahli,f,13092023,,,,,,,,0
AC199,66,108r,3.8,0,0,,,amrakits canyon,26.1,D.dahli,f,13092023,2708,110,115,75,0.0249335106382979,100,,3108
AC2,64,,3.71,0,,,,amrakits canyon,,D.dahli,f,25042023,1513,58,11,22,0.013715710723192,,,1604
AC20,64,,5.33,,,,,amrakits canyon,,D.portschinskii,m,25042023,1679,32,46,7,0.00396825396825397,,,1764
AC200,54,15r,2.2,0,0,,,amrakits canyon,24.11,D.dahli,f,13092023,1945,134,39,64,0.0293308890925756,,,2182
AC201,60,57r,3,0,0,,,amrakits canyon,29.83,D.dahli,f,13092023,,,,,,,,0
AC202,60,103r,4,,,0,1,amrakits canyon,88.80,D.portschinskii,m,14092023,1056,152,25,48,0.0374707259953162,38,,1319
AC203,62,89r,5.2,,,0,1,amrakits canyon,519.30,D.portschinskii,m,14092023,,,,,,,,0
AC204,58,115r,4.4,,,0,"0,5",amrakits canyon,909.30,D.portschinskii,m,14092023,3977,92,17,129,0.0306049822064057,,,4215
AC205,63,103r,4,,,0,1,amrakits canyon,,D.portschinskii,m,14092023,,,,,,,,0
AC206,62,87r,3.8,,,0,"0,5",amrakits canyon,161.30,D.portschinskii,m,14092023,1998,72,27,4,0.00190385530699667,,,2101
AC207,65,88r,4.4,,,0,1,amrakits canyon,312.70,D.portschinskii,m,14092023,1113,95,12,40,0.0317460317460317,,,1260
AC208,64,82r,4.2,,,0,"0,5",amrakits canyon,273.20,D.portschinskii,m,14092023,,,,,,,,0
AC209,61,136,3.8,,,0,1,amrakits canyon,85.80,D.portschinskii,m,14092023,2281,216,38,139,0.0519820493642483,,,2674
AC21,58,,4.25,,,,,amrakits canyon,,D.portschinskii,m,25042023,,,,,,,,0
AC210,60,103r,4,,,0,1,amrakits canyon,161.80,D.portschinskii,m,14092023,3688,409,8,17,0.00412421154779233,,,4122
AC211,59,94r,3.6,,,0,1,amrakits canyon,223.10,D.portschinskii,m,14092023,2437,271,12,54,0.0194664744051911,,,2774
AC212,60,117r,4,,,0,1,amrakits canyon,229.20,D.portschinskii,m,14092023,,,,,,,,0
AC213,62,93r,4.2,,,0,1,amrakits canyon,214.90,D.portschinskii,m,14092023,,,,,,,,0
AC214,54,17r,3.4,,,0,"0,5",amrakits canyon,112.50,D.portschinskii,m,14092023,,,,,,,,0
AC215,59,117r,4,,,0,1,amrakits canyon,155.70,D.portschinskii,m,14092023,,,,,,,,0
AC216,51,110,2.4,,,0,"0,5",amrakits canyon,233.90,D.portschinskii,m,14092023,,,,,,,,0
AC217,50,67r,2.2,,,0,"0,5",amrakits canyon,165.70,D.portschinskii,m,14092023,,,,,,,,0
AC218,56,87r,2.2,0,0,,,amrakits canyon,24.46,D.portschinskii,f,14092023,,,,,,,,0
AC219,63,73r,3.4,0,0,,,amrakits canyon,66.98,D.portschinskii,f,14092023,,,,,,,,0
AC22,63,,4.36,,,,,amrakits canyon,,D.portschinskii,m,25042023,,,,,,,,0
AC220,58,68r,3,0,0,,,amrakits canyon,29.91,D.portschinskii,f,14092023,6358,351,5,34,0.0050385299347955,18,,6766
AC221,61,34r,2.4,0,0,,,amrakits canyon,8.94,D.portschinskii,f,14092023,1186,326,6,16,0.0104302477183833,68,,1602
AC222,58,72r,2.8,0,0,,,amrakits canyon,24.29,D.portschinskii,f,14092023,4252,74,10,9,0.00207134637514384,,,4345
AC223,62,85r,4,0,0,,,amrakits canyon,0.52,D.portschinskii,f,14092023,5215,219,2,47,0.00857194966259347,,,5483
AC224,52,28r,1.6,0,0,,,amrakits canyon,9.73,D.portschinskii,f,14092023,,,,,,,,0
AC225,54,73r,2.6,0,0,,,amrakits canyon,9.37,D.portschinskii,f,14092023,1313,21,20,1,0.0007380073800738,48,-1,1402
AC226,59,70r,2.8,0,0,,,amrakits canyon,11.13,D.portschinskii,f,14092023,,,,,,,,0
AC227,58,82r,2.4,0,0,,,amrakits canyon,21.77,D.portschinskii,f,14092023,2745,148,11,15,0.00513874614594039,,-2,2917
AC228,52,104r,2,0,0,,,amrakits canyon,19.7,D.portschinskii,f,14092023,,,,,,,,0
AC229,63,87r,3.4,0,0,,,amrakits canyon,21.26,D.portschinskii,f,14092023,3124,101,4,2,0.00061900340451872,10,,3241
AC23,53,,2,0,,,,amrakits canyon,,D.portschinskii,f,25042023,,,,,,,,0
AC230,49,64r,,0,0,,,amrakits canyon,,D.portschinskii,f,14092023,,,,,,,,0
AC231,49,42r,,0,0,,,amrakits canyon,,D.portschinskii,f,14092023,,,,,,,,0
AC232,45,86,,0,0,,,amrakits canyon,,D.portschinskii,f,14092023,,,,,,,,0
AC233,51,90,,0,0,,,amrakits canyon,,D.portschinskii,f,14092023,,,,,,,,0
AC234,55,94r,2.2,0,0,,,amrakits canyon,20.39,D.portschinskii,f,14092023,,,,,,,,0
AC235,64,112r,3.8,1,0,,,amrakits canyon,24.55,D.dahli,f,14092023,4658,348,11,30,0.0059441252229047,,,5047
AC236,62,107r,2.8,0,0,,,amrakits canyon,39.6,D.dahli,f,14092023,,,,,,,,0
AC237,63,89r,3.2,0,0,,,amrakits canyon,,D.dahli,f,14092023,3211,282,2,32,0.00907286645874681,,,3527
AC238,69,97r,4,0,0,,,amrakits canyon,19.26,D.dahli,f,14092023,2627,154,7,225,0.0746764022568868,,,3013
AC239,61,103r,5,1,0,,,amrakits canyon,23.33,D.dahli,f,14092023,2771,163,15,50,0.0166722240746916,,,2999
AC24,71,76r,6.06,0,1,,,amrakits canyon,159.13,D.armeniaca,f,28052023,960,131,51,6,0.00522648083623693,,,1148
AC240,64,84r,3.6,1,0,,,amrakits canyon,26.8,D.dahli,f,14092023,2179,84,415,2,0.00074626865671641,,,2680
AC241,62,58r,3.1,1,0,,,amrakits canyon,24.03,D.dahli,f,14092023,4448,88,9,31,0.00677447552447552,,,4576
AC242,64,73r,3.2,0,0,,,amrakits canyon,34.52,D.dahli,f,14092023,,,,,,,,0
AC243,59,110,3.4,0,0,,,amrakits canyon,01.01,D.dahli,f,14092023,,,,,,,,0
AC244,70,18r,3.8,0,0,,,amrakits canyon,09.06,DportXDdah,f,15092023,4337,50,7,28,0.00633197648123021,,-2,4420
AC245,62,38r,4.2,,,0,1,amrakits canyon,496.10,D.portschinskii,m,15092023,935,48,39,30,0.0285171102661597,18,,1070
AC246,63,48r,3.8,,,0,1,amrakits canyon,818.70,D.portschinskii,m,15092023,1063,82,53,2,0.00166666666666667,,-2,1198
AC247,62,64r,4.8,,,0,1,amrakits canyon,930.40,D.portschinskii,m,15092023,1597,39,11,24,0.0143626570915619,,,1671
AC248,63,73r,4,0,0,,,amrakits canyon,42.61,D.armeniaca,f,15092023,2653,30,19,594,0.180218446601942,,,3296
AC249,72,99r,5.2,0,0,,,amrakits canyon,96.96,D.armeniaca,f,15092023,688,16,30,37,0.0479896238651102,10,,781
AC25,67,72r,5.07,0,,,,amrakits canyon,246.23,D.armeniaca,f,28052023,3875,235,6,106,0.025106584557082,,,4222
AC250,66,115r,5,0,0,,,amrakits canyon,25.06,DportXDdah,f,15092023,3843,196,16,5,0.00123152709359606,,-3,4057
AC251,47,106,1.6,0,0,,,amrakits canyon,,DportXDdah,f,15092023,3664,77,22,41,0.0107781282860147,26,,3830
AC252,59,77r,2,0,0,,,amrakits canyon,72.9,D.armeniaca,f,15092023,,,,,,,,0
AC253,70,115r,5.6,0,0,,,amrakits canyon,38.7,D.armeniaca,f,15092023,2995,257,125,46,0.0134385042360502,,,3423
AC254,66,30r,5,0,0,,,amrakits canyon,135.18,D.armeniaca,f,15092023,,,,,,,,0
AC255,62,98r,4,0,0,,,amrakits canyon,28.18,D.armeniaca,f,15092023,1850,235,4,2,0.00095648015303682,,,2091
AC256,57,107,3.4,0,0,,,amrakits canyon,27.06,D.armeniaca,f,15092023,3453,183,6,58,0.0156756756756757,,,3700
AC257,64,53r,3.6,0,0,,,amrakits canyon,81.74,D.armeniaca,f,15092023,901,252,9,158,0.11969696969697,,,1320
AC258,63,109,3.8,0,0,,,amrakits canyon,25.06,D.armeniaca,f,15092023,3129,218,17,46,0.0134897360703812,,,3410
AC259,61,50r,4.6,0,0,,,amrakits canyon,62.61,D.armeniaca,f,15092023,1568,185,26,5,0.00280269058295964,,-4,1780
AC26,69,90r,4.38,0,,,,amrakits canyon,42.629,D.dahli,f,28052023,2825,499,10,217,0.0611095466065897,,,3551
AC260,67,78r,3.6,0,0,,,amrakits canyon,45.22,D.armeniaca,f,15092023,744,86,45,10,0.0112994350282486,463,,1348
AC27,63,87r,4.2,,,1,br,amrakits canyon,86.76,D.portschinskii,m,28052023,3692,81,39,75,0.0192950861847183,,,3887
AC28,64,76r,3.81,0,,,,amrakits canyon,54.6,D.dahli,f,28052023,,,,,,,,0
AC29,62,112,3.68,0,,,,amrakits canyon,43.485,D.dahli,f,28052023,830,195,57,19,0.0172570390554042,266,,1367
AC3,62,,2.67,0,,,,amrakits canyon,,D.dahli,f,25042023,468,28,26,39,0.0695187165775401,,,561
AC30,59,100,3.4,0,,,,amrakits canyon,59.754,D.dahli,f,28052023,1468,222,4,75,0.0423968343697004,,,1769
AC31,70,92r,6.5,,,,,amrakits canyon,71.314,D.armeniaca,f,28052023,1511,334,18,64,0.0332122470160872,175,,2102
AC32,62,102,4,,,,,amrakits canyon,47.124,D.dahli,f,28052023,3184,307,616,345,0.0774932614555256,433,,4885
AC33,70,35,4.9,0,,,,amrakits canyon,,D.armeniaca,f,28052023,,,,,,,,0
AC34,62,48r,4.32,0,,,,amrakits canyon,28.141,D.dahli,f,28052023,1332,73,17,231,0.139745916515427,,,1653
AC35,62,118,4.9,0,,,,amrakits canyon,53.118,D.dahli,f,28052023,2831,564,20,1,0.0002927400468384,,-1,3415
AC36,68,112,5.46,0,1,,,amrakits canyon,196.77,D.dahli,f,28052023,3715,171,8,22,0.00561797752808989,,,3916
AC37,61,84,3.36,0,,,,amrakits canyon,53.76,D.dahli,f,28052023,1264,102,19,21,0.0149359886201991,,,1406
AC38,62,90,3.4,0,,,,amrakits canyon,67.675,D.dahli,f,28052023,757,148,6,9,0.00978260869565217,,,920
AC39,64,85,4.35,0,1,,,amrakits canyon,,D.armeniaca,f,28052023,,,,,,,,0
AC4,54,,2.2,0,,,,amrakits canyon,,D.dahli,f,25042023,1817,224,70,1,0.00047348484848484,,,2112
AC40,58,106,3.61,0,,,,amrakits canyon,45.84,D.dahli,f,28052023,3021,295,78,87,0.0249928181557024,65,,3546
AC41,59,105,3.64,0,,,,amrakits canyon,54.616,D.dahli,f,28052023,2139,39,6,27,0.0122116689280868,,-11,2200
AC42,63,70r,4,0,,,,amrakits canyon,80.305,D.dahli,f,28052023,1963,245,36,6,0.00266666666666667,,-2,2248
AC43,65,100,4.03,0,,,,amrakits canyon,77.308,D.dahli,f,28052023,3424,330,15,91,0.0235751295336788,,,3860
AC44,67,89r,4.32,0,,,,amrakits canyon,,D.dahli,f,28052023,3854,251,15,45,0.0108043217286915,,,4165
AC45,66,96,3.5,0,,,,amrakits canyon,31.925,D.dahli,f,28052023,,,,,,,,0
AC46,67,94,4.32,0,,,,amrakits canyon,27.992,D.dahli,f,28052023,1249,210,23,57,0.037037037037037,86,7,1632
AC47,66,93,4.13,0,,,,amrakits canyon,87.155,D.dahli,f,28052023,2199,333,11,2,0.00078585461689587,,,2545
AC48,56,103,3,0,,,,amrakits canyon,66.818,D.dahli,f,28052023,2391,113,23,1,0.00039556962025316,,,2528
AC49,53,71r,2.54,0,,,,amrakits canyon,13.123,D.dahli,f,28052023,,,,,,,,0
AC5,55,,2.28,0,,,,amrakits canyon,,D.dahli,f,25042023,1600,148,7,0,0,,,1755
AC50,64,128,4.9,,,1,br,amrakits canyon,224.6,D.portschinskii,m,28052023,3581,23,5,8,0.00221177771633951,,,3617
AC51,59,86r,4.6,,,1,br,amrakits canyon,,D.portschinskii,m,28052023,1325,315,12,37,0.0219064535227946,138,3,1830
AC52,56,118,4.32,,,1,br,amrakits canyon,254.8,D.portschinskii,m,28052023,2629,50,12,16,0.00591060214259328,,,2707
AC53,58,126,4.36,,,1,br,amrakits canyon,215.6,D.portschinskii,m,28052023,1873,40,11,8,0.0041407867494824,,-4,1928
AC54,53,103,2.69,,,1,br,amrakits canyon,,D.portschinskii,m,28052023,,,,,,,,0
AC55,54,99,2.69,2,,,,amrakits canyon,,D.portschinskii,f,28052023,1350,157,7,11,0.00721311475409836,,,1527
AC56,70,114r,6.58,,,,,amrakits canyon,208.6,D.armeniaca,f,30052023,1473,23,21,9,0.00589777195281782,,2,1528
AC57,64,104,4.45,,,,,amrakits canyon,127.95,D.armeniaca,f,30052023,865,116,40,132,0.11448395490026,,,1153
AC58,55,17r,2.67,,,,,amrakits canyon,64.464,D.armeniaca,f,30052023,1179,75,40,4,0.00308166409861325,,-2,1296
AC59,75,74r,6.62,,1,,,amrakits canyon,,D.armeniaca,f,30052023,1750,51,18,338,0.156699119146963,,,2157
AC6,49,,1.43,0,,,,amrakits canyon,,D.dahli,f,25042023,1287,178,15,19,0.0126751167444963,,,1499
AC60,69,112r,5.57,,1,,,amrakits canyon,,D.armeniaca,f,30052023,2998,206,42,202,0.058584686774942,,,3448
AC61,71,82r,5.62,,,,,amrakits canyon,85.657,D.armeniaca,f,30052023,1494,39,20,86,0.0524710189139719,,,1639
AC62,67,112,5.49,,1,,,amrakits canyon,172.04,D.armeniaca,f,30052023,2188,86,18,8,0.00347826086956522,,,2300
AC63,65,113,5.18,,1,,,amrakits canyon,246,D.armeniaca,f,30052023,2030,321,46,0,0,83,,2480
AC64,66,70r,5.05,,1,,,amrakits canyon,,D.armeniaca,f,30052023,1690,67,6,20,0.0112170499158721,9,,1792
AC65,64,106,5.28,,1,,,amrakits canyon,98.929,D.armeniaca,f,30052023,4216,133,48,9,0.00204266908760781,,,4406
AC66,67,115,5.55,,1,,,amrakits canyon,236.55,D.armeniaca,f,30052023,2877,214,47,156,0.0473588342440801,,,3294
AC67,62,87r,4.74,,1,,,amrakits canyon,205.37,D.armeniaca,f,30052023,2055,141,4,31,0.0138951142985208,,,2231
AC68,62,76r,3.65,,1,,,amrakits canyon,98.073,D.portschinskii,f,30052023,,,,,,,,0
AC69,62,10r,3.94,,,1,br,amrakits canyon,232.9,D.portschinskii,m,30052023,,,,,,,,0
AC7,47,,1.46,0,,,,amrakits canyon,,D.dahli,f,25042023,550,186,11,200,0.211193241816262,281,,1228
AC70,69,70,2.85,3,1,,,amrakits canyon,82.446,D.portschinskii,f,30052023,2592,246,27,30,0.0103626943005181,,,2895
AC71,53,81r,2.95,,,,,amrakits canyon,28.34,D.armeniaca,f,30052023,1794,216,44,1,0.00048661800486618,,-1,2054
AC72,63,63r,4.89,,,1,br,amrakits canyon,,D.portschinskii,m,30052023,4385,114,18,107,0.0231401384083045,,,4624
AC73,54,118,3.53,,,1,br,amrakits canyon,,D.portschinskii,m,30052023,3541,166,23,14,0.00373931623931624,,-4,3740
AC74,49,72,2.07,2,,,,amrakits canyon,,D.portschinskii,f,30052023,709,43,45,40,0.0477897252090801,,,837
AC75,59,72r,3.27,3,1,,,amrakits canyon,86.81,D.portschinskii,f,15062023,1463,3,63,11,0.00714285714285714,107,-3,1644
AC76,62,30r,3.36,2,,,,amrakits canyon,24.4,D.portschinskii,f,15062023,1114,23,3,11,0.00955690703735882,152,-6,1297
AC77,57,10r,2.23,2,1,,,amrakits canyon,29.28,D.portschinskii,f,15062023,,,,,,,,0
AC78,64,79r,4.21,2,1,,,amrakits canyon,0,D.portschinskii,f,15062023,,,,,,,,0
AC79,62,72r,3.23,3,,,,amrakits canyon,85.62,D.portschinskii,f,15062023,3002,115,2,8,0.00255836264790534,,,3127
AC8,57,,2.2,0,,,,amrakits canyon,,D.dahli,f,25042023,1644,100,21,0,0,,,1765
AC80,55,75r,2.84,2,1,,,amrakits canyon,20.32,D.portschinskii,f,15062023,,,,,,,,0
AC81,63,97,3.65,3,1,,,amrakits canyon,269.4,D.portschinskii,f,15062023,,,,,,,,0
AC82,62,125,6,,,1,br,amrakits canyon,99.32,D.portschinskii,m,15062023,2239,3,5,6,0.00266311584553928,,-6,2247
AC83,60,100,4.27,,,1,br,amrakits canyon,44.82,D.portschinskii,m,15062023,,,,,,,,0
AC84,62,115,3.95,4,1,,,amrakits canyon,168.4,D.portschinskii,f,15062023,1308,20,4,4,0.0029940119760479,,,1336
AC85,61,139,4.95,,,1,br,amrakits canyon,164.70,D.portschinskii,m,15062023,1820,14,13,83,0.0430051813471503,,,1930
AC86,60,119,4.08,,,"0,5",pale,amrakits canyon,124.60,D.portschinskii,m,15062023,1442,23,40,23,0.0150523560209424,,,1528
AC87,62,108r,4.63,,,"0,5",pale,amrakits canyon,121.90,D.portschinskii,m,15062023,2093,27,28,7,0.00324825986078886,,-3,2152
AC88,63,130,4.91,,,"0,5",pale,amrakits canyon,74.91,D.portschinskii,m,15062023,340,80,111,4,0.00747663551401869,,700,1235
AC89,61,121,3.57,4,1,,,amrakits canyon,25.36,D.portschinskii,f,15062023,1550,40,15,43,0.0260922330097087,,,1648
AC9,56,,2.12,0,,,,amrakits canyon,,D.dahli,f,25042023,,,,,,,,0
AC90,63,103r,,,,1,br,amrakits canyon,36.02,D.portschinskii,m,15062023,,,,,,,,0
AC91,72,103r,5.73,,1,,,amrakits canyon,300,D.armeniaca,f,15062023,1510,31,32,67,0.0408536585365854,,,1640
AC92,70,64r,6.2,,1,,,amrakits canyon,295.7,D.armeniaca,f,15062023,609,13,181,139,0.14755838641189,164,22,1128
AC93,62,109,4.38,,1,,,amrakits canyon,155.91,D.armeniaca,f,15062023,2711,70,38,2,0.00070896845090393,,,2821
AC94,71,80r,6.23,,1,,,amrakits canyon,204.4,D.armeniaca,f,15062023,1421,17,85,266,0.148686416992733,,,1789
AC95,70,100r,5.4,,1,,,amrakits canyon,289.9,D.armeniaca,f,15062023,1020,34,59,106,0.0869565217391304,784,,2003
AC96,66,45r,4.43,,1,,,amrakits canyon,300,D.armeniaca,f,15062023,,,,,,,,0
AC97,68,107,4.56,,1,,,amrakits canyon,24.86,D.armeniaca,f,15062023,1686,9,9,52,0.0296127562642369,69,,1825
AC98,65,86r,4.3,1,1,,,amrakits canyon,37.4,D.dahli,f,15062023,1207,92,9,417,0.241739130434783,,,1725
AC99,66,17r,3.68,1,1,,,amrakits canyon,65.78,D.dahli,f,15062023,693,77,33,19,0.0231143552311436,,,822
ACN1341,62,110,3.63,4,1,,,amrakits canyon,46.482,D.portschinskii,f,28052023,1258,57,51,1,0.00073152889539136,,,1367
ACN1342,54,72,2.27,3,,,,amrakits canyon,18.476,D.portschinskii,f,28052023,3362,161,11,7,0.00197684269980232,,-2,3539
ACN1343,59,30r,3.37,5,1,,,amrakits canyon,21.301,D.portschinskii,f,28052023,2425,61,3,6,0.00240480961923848,,-2,2493
ACN1345,63,121,4.77,,,1,br,amrakits canyon,,D.portschinskii,m,28052023,2232,504,39,16,,36,,2827
ACN1351,63,81r,4.15,,,1,br,amrakits canyon,418.7,D.portschinskii,m,28052023,,,,,,,,0
ACN1354,59,103,3.35,2,,,,gar-gar,50.763,D.portschinskii,f,29052023,1736,62,18,8,0.0043859649122807,,-1,1823
ACN2344,61,115,4.27,,,1,br,amrakits canyon,49.54,D.portschinskii,m,28052023,2341,54,10,32,0.0131308986458761,,3,2440
ACN5013,64,111,4.66,,,1,br,gar-gar,,D.portschinskii,m,29052023,1989,80,18,38,0.0178823529411765,,,2125
ACN5014,67,112r,5,1,1,,,amrakits canyon,38.65,D.dahli,f,16062023,1195,94,6,7,0.00537634408602151,,-2,1300
ACN5015,62,64r,3.89,1,1,,,amrakits canyon,80.63,D.dahli,f,16062023,1415,43,17,71,0.0459249676584735,,-1,1545
ACN5021,63,84r,3.89,1,1,,,amrakits canyon,16.92,D.dahli,f,16062023,1098,19,12,96,0.0783673469387755,72,23,1320
ACN5022,58,70r,3.07,1,1,,,amrakits canyon,39.91,D.dahli,f,16062023,3975,83,27,198,0.0462292785430773,,,4283
ACN5023,68,100r,4.55,1,1,,,amrakits canyon,87.12,D.dahli,f,16062023,692,33,31,14,0.0181818181818182,,10,780
ACN5024,61,35r,3.34,2,1,,,amrakits canyon,12.67,D.dahli,f,16062023,656,136,14,12,0.0146699266503667,98,-4,912
ACN5025,70,44r,4.45,2,1,,,amrakits canyon,,D.dahli,f,16062023,,,,,,,,0
ACN5030,62,10r,3.13,1,1,,,amrakits canyon,,D.dahli,f,16062023,,,,,,,,0
ACN5520,64,81r,4.18,1,1,,,amrakits canyon,151.8,D.dahli,f,16062023,231,5,4,8,0.032258064516129,97,,345
ASH1,,,,,,,,sepasar river,,D.valentini,f,26052022,1409,54,10,2,0.00135593220338983,,-1,1474
ASH10,67,102r,5.9,,,1,br,sepasar river,173.2,D.valentini,m,24052023,3870,120,2,1,0.00025043826696719,,-1,3992
ASH10,65,102r,5.42,,,1,br,sepasar river,58.20,D.valentini,m,11062023,,,,,,,,0
ASH10,,,,,,,,sepasar river,,D.valentini,m,09072022,2931,40,5,1,0.00033590863285186,,,2977
ASH100,,,,,,,,sepasar river,,D.valentini,m,10072022,3047,40,6,15,0.00482625482625483,,-7,3101
ASH1000,64,98r,4.15,0,,,,sepasar river,6.854,D.valentini,f,24052023,,,,,,,,0
ASH1000,65,106r,5.38,3,1,,,sepasar river,25.47,D.valentini,f,11062023,1786,280,16,2,0.00095969289827255,,-2,2082
ASH1005,62,95r,5.21,,,1,br,sepasar river,37.58,D.valentini,m,10062023,569,106,15,0,0,253,,943
ASH1005,,,,,,,,sepasar river,,D.valentini,m,08072022,5371,141,35,9,0.00161987041036717,,-8,5548
ASH1011,,,,,,,,sepasar river,,D.valentini,m,07072022,1561,32,6,4,0.00249532127261385,,,1603
ASH1020,60,82,4.95,,,1,br,sepasar river,54,D.valentini,m,24052023,3182,40,37,5,0.00153186274509804,,-5,3259
ASH103,65,77r,5.69,3,1,,,sepasar river,300,D.armeniaca,f,10062023,2136,9,14,2,0.00092549745488199,,,2161
ASH104,,,,,,,,sepasar river,,D.armeniaca,f,26052022,2699,22,1,4,0.00146735143066764,,1,2727
ASH113,,,,,,,,sepasar river,,D.armeniaca,f,26052022,1202,32,41,2,0.00156617071260767,,-2,1275
ASH115,,,,,,,,sepasar river,,D.armeniaca,f,26052022,3823,190,0,1,0.00024912805181863,,-1,4013
ASH125,64,117,5.53,,,1,br,sepasar river,96.46,D.valentini,m,24052023,3128,134,18,3,0.00091379835516296,,-3,3280
ASH125,64,118r,5.44,,,1,br,sepasar river,19.59,D.valentini,m,10062023,2605,45,14,10,0.0037397157816006,,-10,2664
ASH13,,,,,,,,sepasar river,,D.valentini,m,07072022,2502,25,12,9,0.00353218210361068,,-9,2539
ASH131,,,,,,,,sepasar river,,D.valentini,m,10072022,2005,2,3,0,0,,,2010
ASH131+400,61,82r,5.44,,,1,br,sepasar river,125,D.valentini,m,24052023,5232,158,2,1,0.00018542555164101,,-1,5392
ASH1311,67,70r,5,0,,,,sepasar river,87.583,D.armeniaca,f,24052023,1240,9,2,3,0.00239234449760766,613,-1,1866
ASH133,,,,,,,,sepasar river,,D.valentini,m,07072022,2678,37,12,6,0.0021953896816685,,-6,2727
ASH135,,,,,,,,sepasar river,,D.armeniaca,f,07072022,3406,17,0,2,0.00058394160583941,,-1,3424
ASH135,,,,,,,,sepasar river,,D.armeniaca,f,27052022,26,10,4,0,0,,,40
ASH14,62,84r,4.18,,,1,br,sepasar river,27.03,D.valentini,m,11062023,3435,140,25,4,0.00110987791342952,65,-2,3667
ASH14,,,,,,,,sepasar river,,D.valentini,m,09072022,2339,36,1,3,0.00126103404791929,,-1,2378
ASH14,,,,,,,,sepasar river,,D.valentini,m,26052022,2364,278,26,1,0.00037467216185837,,-1,2668
ASH141,64,13r,3.35,0,,,,sepasar river,148.24,D.armeniaca,f,25052023,,,,,,,,0
ASH142,,,,,,,,sepasar river,,D.valentini,f,27052022,3200,37,22,1,0.00030674846625766,,-1,3279
ASH143,65,72r,5.3,,,"0,5","0,5",sepasar river,290,D.valentini,m,24052023,3546,303,34,0,0,20,,3903
ASH143,64,80r,5.16,,,1,br,sepasar river,58.22,D.valentini,m,10062023,,,,,,,,0
ASH143,,,,,,,,sepasar river,,D.valentini,m,07072022,2593,4,1,1,0.00038476337052712,,-1,2598
ASH145,,,,,,,,sepasar river,,D.armeniaca,f,27052022,2844,333,164,4,0.00119581464872945,,-4,3341
ASH15,,,,,,,,sepasar river,,D.armeniaca,f,26072022,2862,102,16,10,0.00334448160535117,,-6,2984
ASH15,,,,,,,,sepasar river,,D.valentini,sex,06072022,3543,133,3,5,0.00135722041259501,,-2,3682
ASH150,,,,,,,,sepasar river,,D.valentini,m,27052022,2656,148,26,3,0.00105894811154253,25,,2858
ASH1501F,,,,,,,,sepasar river,,D.valentini,f,24052023,2273,79,13,3,0.00126689189189189,184,-2,2550
ASH1501M,64,85r,4.75,,,1,br,sepasar river,,D.valentini,m,24052023,2280,219,9,2,0.00079681274900398,,-2,2508
ASH151,,,,,,,,sepasar river,,D.valentini,m,27052023,621,388,97,4,0.0036036036036036,50,-2,1158
ASH152,,,,,,,,sepasar river,,D.valentini,m,07072022,2308,36,22,3,0.00126635711270578,,-3,2366
ASH152,,,,,,,,sepasar river,,D.valentini,m,27052022,1718,342,79,6,0.0027972027972028,14,-4,2155
ASH153,,,,,,,,sepasar river,,D.armeniaca,f,27052022,1369,133,75,3,0.00189873417721519,40,-3,1617
ASH154,,,,,,,,sepasar river,,D.armeniaca,f,27052022,1240,179,67,1,0.00067249495628782,,,1487
ASH20,,,,,,,,sepasar river,,D.valentini,m,07072022,2287,23,22,1,0.00042863266180883,,,2333
ASH200,71,77r,4.88,0,,,,sepasar river,113.97,D.armeniaca,f,24052023,3036,18,22,0,0,,,3076
ASH200.1,57,110,3.75,0,,,,sepasar river,,D.armeniaca,f,24052023,5186,23,2,2,0.00038365624400537,,-1,5212
ASH2000A,64,77r,3.62,0,,,,sepasar river,36.421,D.armeniaca,f,24052023,786,19,4,3,0.00369458128078818,190,-2,1000
ASH2000F,68,100r,5.91,4,1,,,sepasar river,,D.valentini,f,10062023,2867,141,2,1,0.00033211557622052,,,3011
ASH2000M,65,88r,5.12,,,1,br,sepasar river,252,D.valentini,m,24052023,1881,107,3,2,0.00100351229302559,153,-2,2144
ASH201,,,,,,,,sepasar river,,D.armeniaca,f,27052022,1402,198,16,3,0.00185299567634342,,,1619
ASH21,73,103r,5.94,6,1,,,sepasar river,20.28,D.valentini,f,10062023,2434,26,26,0,0,,,2486
ASH210,,,,,,,,sepasar river,,D.armeniaca,f,07072022,2090,118,10,8,0.00359389038634322,,-8,2218
ASH210,,,,,,,,sepasar river,,D.armeniaca,f,27052022,2094,22,9,0,0,,,2125
ASH211,61,30r,3.86,0,,,,sepasar river,46.91,D.armeniaca,f,25052023,1804,143,44,6,0.00300450676014021,,-6,1991
ASH211,63,31r,4.34,,1,,,sepasar river,137.8,D.armeniaca,f,11062023,1445,50,2,2,0.00133422281521014,590,1,2090
ASH212,,,,,,,,sepasar river,,D.armeniaca,f,27052022,2137,82,26,1,0.00044523597506678,,,2246
ASH213,,,,,,,,sepasar river,,D.armeniaca,f,27052022,296,133,84,0,0,143,,656
ASH214,,,,,,,,sepasar river,,D.valentini,f,09072022,2869,61,13,4,0.00135731252120801,,-3,2944
ASH23,,,,,,,,sepasar river,,D.armeniaca,f,26052022,1774,17,8,11,0.00607734806629834,,-4,1806
ASH231,,,,,,,,sepasar river,,D.valentini,m,08072022,3176,192,21,11,0.00323529411764706,,-4,3396
ASH240,67,77r,5.24,3,1,,,sepasar river,262.1,D.armeniaca,f,11062023,1166,99,20,4,0.00310318076027929,,-4,1285
ASH2400,,,,,,,,sepasar river,,D.armeniaca,f,25052023,2163,106,15,7,0.00305543430816237,,-5,2286
ASH241,67,66r,4.75,2,1,,,sepasar river,159.4,D.armeniaca,f,10062023,3326,160,29,3,0.00085275724843661,,-1,3517
ASH241,,,,,,,,sepasar river,,D.armeniaca,f,09072022,2713,40,12,3,0.00108381502890173,,-3,2765
ASH241,,,,,,,,sepasar river,,D.armeniaca,f,27052022,2536,116,9,3,0.00112612612612613,,-1,2663
ASH25,,,,,,,,sepasar river,,D.valentini,m,15072022,5805,37,2,5,0.00085484698239015,,-5,5844
ASH252,60,65r,3.72,5,1,,,sepasar river,39.05,D.valentini,f,12062023,1174,200,29,9,0.00637393767705382,642,,2054
ASH253,,,,,,,,sepasar river,,D.armeniaca,f,28052022,881,538,88,7,0.00462351387054161,132,-2,1644
ASH254,63,80r,4.66,2,1,,,sepasar river,300,D.armeniaca,f,10062023,1672,108,14,0,0,,,1794
ASH255,63,71r,4.58,2,1,,,sepasar river,171.6,D.armeniaca,f,10062023,2639,47,23,8,0.00294442399705558,,,2717
ASH300,,,,,,,,sepasar river,,D.armeniaca,f,28052022,1034,554,65,18,0.0107719928186715,272,,1943
ASH302,,,,,,,,sepasar river,,D.valentini,m,28052022,1675,588,128,5,0.00208681135225376,40,-3,2433
ASH304,,,,,,,,sepasar river,,D.armeniaca,f,07072022,2207,45,3,0,0,,,2519
ASH304,,,,,,,,sepasar river,,D.valentini,f,28052022,979,343,88,0,0,264,1,1675
ASH311,67,109r,5.81,2,1,,,sepasar river,232.7,D.armeniaca,f,10062023,2241,103,25,2,0.0008435259384226,,-2,2369
ASH312,62,70r,4.49,,1,,,sepasar river,153.9,D.armeniaca,f,11062023,1414,32,55,3,0.00199468085106383,,,1504
ASH320,,,,,,,,sepasar river,,D.valentini,f,28052022,1355,56,38,3,0.00206611570247934,64,-2,1514
ASH321,68,94r,5.19,5,1,,,sepasar river,270.6,D.valentini,f,11062023,1726,154,18,4,0.00210304942166141,,,1902
ASH322,63,84r,4.48,4,1,,,sepasar river,8.525,D.valentini,f,10062023,4125,40,24,3,0.00071564885496183,,-2,4190
ASH322,,,,,,,,sepasar river,,D.valentini,f,28052022,2044,87,30,3,0.00138632162661738,,-2,2162
ASH323,68,103r,5.44,3,1,,,sepasar river,18.63,D.valentini,f,10062023,2407,6,21,4,0.00164068908941756,,,2438
ASH324,,,,,,,,sepasar river,,D.valentini,m,07072022,1798,43,5,15,0.00806018269747448,,-13,1848
ASH324,,,,,,,,sepasar river,,D.valentini,m,28052022,2304,814,126,4,0.00123152709359606,,-4,3244
ASH325,61,94r,4.8,,,1,br,sepasar river,66.18,D.valentini,m,10062023,1204,81,16,0,0,,,1301
ASH325,,,,,,,,sepasar river,,D.valentini,m,08072022,1016,310,28,2,0.00147492625368732,,,1356
ASH330,64,44r,4.62,,,1,pale,sepasar river,25.31,D.valentini,m,10062023,950,89,12,2,0.00189933523266857,125,-1,1177
ASH330,,,,,,,,sepasar river,,D.valentini,m,08072022,2149,25,18,2,0.00091157702825888,,-2,2192
ASH331,59,108r,5.45,,,1,br,sepasar river,19.94,D.valentini,m,10062023,4000,40,30,2,0.00049115913555992,,,4072
ASH331,,,,,,,,sepasar river,,D.valentini,m,08072022,3369,105,41,5,0.00142045454545455,,-2,3518
ASH332,,,,,,,,sepasar river,,D.valentini,f,28052022,1910,129,33,3,0.00144578313253012,66,,2141
ASH340,61,98r,4.48,,,0,"0,5",sepasar river,0.74,D.valentini,m,18092023,,,,,,,,0
ASH340,,,,,,,,sepasar river,,D.valentini,m,28052022,2060,568,110,0,0,342,,3080
ASH341,70,97r,6.3,,,"0,5",br,sepasar river,161,D.valentini,m,25052023,4849,79,108,8,0.00158604282315623,,-5,5039
ASH342,63,90r,5.35,,,1,br,sepasar river,,D.valentini,m,24052023,1675,93,13,1,0.00056116722783389,,-1,1781
ASH353,58,105r,3.96,0,,,,sepasar river,43.27,D.armeniaca,f,24052023,4692,22,7,9,0.00190274841437632,,-5,4725
ASH355,66,105r,5.4,2,1,,,sepasar river,99.39,D.armeniaca,f,11062023,1762,90,43,3,0.00158061116965227,,-2,1896
ASH4,,,,,,,,sepasar river,,D.valentini,f,08072022,4014,156,44,7,0.00165837479270315,,,4221
ASH40,58,89r,3.76,,1,,,sepasar river,84.31,D.armeniaca,f,10062023,3087,182,40,5,0.00150875075437538,,-4,3310
ASH400,67,84r,5.03,1,1,,,sepasar river,28.97,D.armeniaca,f,10062023,588,167,9,6,0.00779220779220779,282,2,1054
ASH400,,,,,,,,sepasar river,,D.armeniaca,f,28052022,2666,69,28,2,0.00072332730560578,,-1,2764
ASH41,,,,,,,,sepasar river,,D.valentini,f,26052022,3241,110,21,2,0.00059276822762299,,-2,3372
ASH410,,,,,,,,sepasar river,,D.armeniaca,f,09072022,3165,18,3,5,0.00156690692572861,,-2,3189
ASH412,67,108r,4.53,0,,,,sepasar river,66.13,D.armeniaca,f,24052023,2840,31,13,1,0.00034662045060658,,,2885
ASH414,55,85r,3.2,0,,,,sepasar river,,D.armeniaca,f,24052023,2272,71,25,37,0.0153846153846154,,,2405
ASH414,57,55r,3.6,1,1,,,sepasar river,48.53,D.armeniaca,f,10062023,1851,23,17,18,0.00942902042954426,,-4,1905
ASH424,71,89r,6.25,2,1,,,sepasar river,29.97,D.armeniaca,f,11062023,1373,91,18,2,,,-2,1482
ASH432,66,84r,5.18,5,1,,,sepasar river,432.8,D.valentini,f,10062023,2542,182,14,1,0.00036509675063891,,-1,2738
ASH433,72,79r,5.97,6,1,,,sepasar river,9.644,D.valentini,f,10062023,2034,344,10,8,0.00333889816360601,,,2396
ASH44,,,,,,,,sepasar river,,D.armeniaca,f,26052022,1976,174,12,6,0.00276752767527675,,-3,2165
ASH440,66,124r,5.46,,,1,br,sepasar river,500.9,D.valentini,m,25052023,1637,73,26,2,0.00115074798619102,,,1738
ASH441,,,,,,,,sepasar river,,D.valentini,m,08072022,2367,299,96,3,0.00108499095840868,,,2765
ASH45,,,,,,,,sepasar river,,D.valentini,f,26052022,1494,389,112,6,0.00299850074962519,,,2001
ASH45+50,60,112r,5,,,1,br,sepasar river,163.5,D.valentini,m,25052023,3182,152,9,4,0.00119510008963251,,-2,3345
ASH45+50,63,117r,4.88,,,1,br,sepasar river,28.37,D.valentini,m,10062023,3094,149,29,5,0.00152578577967653,,,3277
ASH450,64,95r,4.51,,1,,,sepasar river,17.94,D.armeniaca,f,11062023,2306,63,54,12,0.00492813141683778,,-1,2434
ASH452,64,96r,4.31,0,,,,sepasar river,23.9,D.armeniaca,f,24052023,1135,49,25,2,0.00165152766308836,-20,-2,1189
ASH452,61,110r,4.14,1,,,,sepasar river,8.918,D.armeniaca,f,10062023,2446,1,6,6,0.00244001626677511,,-2,2457
ASH453,70,110r,5.86,1,1,,,sepasar river,,D.armeniaca,f,10062023,,,,,,,,0
ASH502,62,18r,4.53,,,1,br,sepasar river,19.96,D.valentini,m,11062023,1798,124,4,9,0.00465116279069767,165,-2,2098
ASH504,,,,,,,,sepasar river,,D.armeniaca,f,09072022,3420,58,2,9,0.00257953568357696,,-1,3488
ASH51,64,90r,4.54,0,,,,sepasar river,,D.valentini,f,24052023,2204,50,156,6,,,-2,2414
ASH51,64,80r,4.5,4,1,,,sepasar river,9.199,D.valentini,f,11062023,2848,186,37,4,,,,3075
ASH510,60,105,3.6,0,,,,sepasar river,,D.armeniaca,f,24052023,2373,70,27,3,0.00121310149615851,,,2473
ASH523,,,,,,,,sepasar river,,D.valentini,m,07072022,2316,29,1,0,0,,1,2347
ASH525,,,,,,,,sepasar river,,D.armeniaca,f,08072022,2694,133,73,6,0.00206469373709566,,-2,2904
ASH531,61,95r,4.57,,,1,br,sepasar river,164.1,D.valentini,m,24052023,2121,325,7,0,0,,,2453
ASH531,,,,,,,,sepasar river,,D.valentini,m,15072022,3890,55,0,5,0.00126582278481013,,-2,3948
ASH532,,,,,,,,sepasar river,,D.valentini,m,08072022,3365,608,54,2,0.0004964010920824,,-1,4028
ASH534,61,90r,5.1,,,1,br,sepasar river,107.8,D.valentini,m,24052023,2612,95,33,7,0.00254823443756826,95,-1,2841
ASH534,61,66r,4.96,,,1,br,sepasar river,59.61,D.valentini,m,11062023,1993,87,23,8,0.00378967314069162,,,2111
ASH534,,,,,,,,sepasar river,,D.valentini,m,07072022,3128,24,3,8,0.00252924438823901,,,3163
ASH535,60,105r,6.2,,,1,br,sepasar river,,D.valentini,m,25052023,4312,145,3,2,0.00044822949350067,,-1,4461
ASH540,67,100,5.3,0,,,,sepasar river,,D.armeniaca,f,24052023,2597,41,3,2,0.00075671585319712,,2,2645
ASH543+2400,65,44r,5.16,,,1,br,sepasar river,36.62,D.valentini,m,10062023,1984,326,46,20,0.00841750841750842,,,2376
ASH545,63,119r,5.5,,,1,pale,sepasar river,14.43,D.valentini,m,10062023,2232,177,17,3,0.00123507616303005,50,-1,2478
ASH550,54,102r,3.28,,,1,br,sepasar river,128.40,D.valentini,m,11062023,1901,109,6,0,0,7,1,2024
ASH5503+1200,,,,,,,,sepasar river,,D.valentini,m,08072022,2867,172,14,2,0.00065466448445171,,-1,3054
ASH551,70,110r,6.37,1,1,,,sepasar river,300,D.armeniaca,f,11062023,2994,25,54,2,0.00065040650406504,48,,3123
ASH552,71,95r,5.43,0,,,,sepasar river,77.736,D.armeniaca,f,24052023,,,,,,,,0
ASH552,64,10r,4.16,1,1,,,sepasar river,300,D.armeniaca,f,11062023,1725,4,1,3,0.00173110213502597,,-2,1731
ASH554,62,96r,5.9,,,1,br,sepasar river,,D.valentini,m,25052023,3889,177,25,13,0.00316764132553606,419,-11,4512
ASH555,64,113r,5.45,,,1,br,sepasar river,44.22,D.valentini,m,11062023,988,118,10,0,0,106,,1222
ASH555,,,,,,,,sepasar river,,D.valentini,m,07072022,3657,19,2,6,0.00162866449511401,,-2,3682
GG1,60,112,3.86,1,,,,gar-gar,57.613,D.dahli,f,29052023,2636,38,22,71,0.0256595590892664,,3,2770
GG10,56,115,3.29,,,1,br,gar-gar,216.1,D.portschinskii,m,29052023,,,,,,,,0
GG11,54,115,3.3,,,1,br,gar-gar,380,D.portschinskii,m,29052023,1875,223,11,9,0.00424929178470255,,1,2119
GG12,53,113,3,,,1,br,gar-gar,282,D.portschinskii,m,29052023,2875,225,13,13,0.00415866922584773,,,3126
GG13,61,126,3.96,,,1,br,gar-gar,70.33,D.portschinskii,m,29052023,3316,272,10,51,0.0139764318991505,,1,3650
GG135,68,114,4.6,,,,,gar-gar,,D.portschinskii,f,29052023,,,,,,,,0
GG14,60,120,4.05,,,1,br,gar-gar,261.1,D.portschinskii,m,29052023,2614,44,19,47,0.0172540381791483,,,2724
GG15,61,112,4.12,,,1,br,gar-gar,253.9,D.portschinskii,m,29052023,1224,300,16,11,0.00709219858156028,109,,1660
GG16,64,112r,4.78,,,1,br,gar-gar,,D.portschinskii,m,29052023,3672,117,14,11,0.00288411116937598,,-3,3811
GG17,62,93r,4.49,,,1,br,gar-gar,,D.portschinskii,m,29052023,2230,75,11,9,0.00387096774193548,,,2325
GG18,58,117,4.56,,,1,br,gar-gar,,D.portschinskii,m,29052023,1327,73,100,5,0.00332225913621262,301,,1806
GG19,59,100r,4.42,,,1,br,gar-gar,187.7,D.portschinskii,m,29052023,2162,32,15,18,0.00808262236192187,,-2,2225
GG2,56,81,2.83,,,,,gar-gar,46.054,D.dahli,f,29052023,1772,212,60,4,0.001953125,290,,2338
GG20,58,15r,3.44,,,1,br,gar-gar,,D.portschinskii,m,29052023,2728,55,6,0,0,31,,2820
GG21,59,115,4.54,,,1,br,gar-gar,,D.portschinskii,m,29052023,2946,22,16,54,0.0177748518762344,,-22,3016
GG22,61,49r,4,,,1,br,gar-gar,,D.portschinskii,m,29052023,3341,182,75,67,0.018281036834925,,,3665
GG23,60,68r,3.46,8,1,,,gar-gar,86.727,D.portschinskii,f,30052023,2890,81,7,11,0.00368016058882569,,-2,2987
GG24,60,117,3.54,4,1,,,gar-gar,56.971,D.portschinskii,f,30052023,,,,,,,,0
GG25,63,71r,3.56,6,1,,,gar-gar,99.143,D.portschinskii,f,30052023,,,,,,,,0
GG26,62,83,3.35,3,1,,,gar-gar,74.311,D.portschinskii,f,30052023,,,,,,,,0
GG27,59,102,3.28,5,1,,,gar-gar,61.039,D.portschinskii,f,30052023,3201,26,3,23,0.00707039655702429,,,3253
GG28,53,92r,3.06,5,1,,,gar-gar,108.59,D.portschinskii,f,30052023,3186,96,30,2,0.00060350030175015,,-1,3313
GG29,51,13r,1.89,,,,,gar-gar,51.405,D.portschinskii,f,30052023,2053,94,26,10,0.00458085203847916,,,2183
GG3,52,111,2.45,,,1,br,gar-gar,374.8,D.portschinskii,m,29052023,,,,,,,,0
GG30,57,113,3.45,4,1,,,gar-gar,177.41,D.portschinskii,f,30052023,3286,52,15,0,0,,,3353
GG31,54,99,2.23,1,1,,,gar-gar,36.635,D.portschinskii,f,30052023,3865,121,21,6,0.00149514079242462,,-4,4009
GG32,50,95,2.06,2,,,,gar-gar,,D.portschinskii,f,30052023,1205,54,8,1,0.00078864353312302,28,-1,1295
GG33,52,110,2.9,,,1,br,gar-gar,303.2,D.portschinskii,m,30052023,738,405,23,3,0.00256629597946963,70,-2,1237
GG4,50,69r,2.07,,,,,gar-gar,,D.dahli,f,29052023,,,,,,,,0
GG5,53,110,3,,,,,gar-gar,,D.portschinskii,m,29052023,,,,,,,,0
GG6,62,28r,4.24,,,1,br,gar-gar,232.1,D.portschinskii,m,29052023,2077,25,18,4,0.00188323917137476,,-2,2122
GG7,61,115,4.18,,,,,gar-gar,88.44,D.dahli,f,29052023,938,82,56,8,0.00738007380073801,,,1084
GG8,54,105,3.18,,,1,br,gar-gar,139.70,D.portschinskii,m,29052023,2232,113,22,7,0.0029486099410278,,2,2376
GG9,54,81,2.92,,,1,br,gar-gar,,D.portschinskii,m,29052023,3038,48,7,14,0.00450595429674928,,-2,3105
GGR1355,61,109,3.78,3 но слабые,,,,gar-gar,31.497,D.dahli,f,29052023,2777,51,2,47,0.016336461591936,,,2877
GGR3001,63,88r,3.78,,,1,br,gar-gar,,D.portschinskii,m,29052023,1803,91,18,33,0.0169665809768638,10,,1955
GGR3002,51,73,2.03,5,,,,gar-gar,,D.portschinskii,f,29052023,2061,177,41,0,0,,,2279
,,,,,,,,,,,,,,,,,,,,
HR1,68,,5.67,0,,,,hrazdan restaurant,,D.unisexualis,f,12052023,,,,,,,,0
HR10,62,,3.81,0,,,,hrazdan restaurant,,D.unisexualis,f,12052023,1538,51,23,0,0,,,1612
HR100,67,135r,5.81,,,1,br,hrazdan restaurant,77.04,D.nairensis,m,06062023,3344,793,8,27,0.00647171620325983,,-1,4171
HR101,70,104r,5.58,,,1,br,hrazdan restaurant,52.44,D.nairensis,m,06062023,3219,472,9,224,0.0570846075433231,,15,3939
HR102,71,128,6.88,,,1,br,hrazdan restaurant,108.90,D.nairensis,m,06062023,2186,190,21,9,0.00374064837905237,,-1,2405
HR103,67,95r,6.27,,,1,br,hrazdan restaurant,38.93,D.nairensis,m,06062023,2422,329,8,38,0.0135859849839113,,-6,2791
HR104,69,118,6.35,,,1,br,hrazdan restaurant,113.70,D.nairensis,m,06062023,2699,298,25,42,0.0137075718015666,,-4,3060
HR105,68,110r,5.9,,,1,br,hrazdan restaurant,36.15,D.nairensis,m,06062023,,,,,,,,0
HR106,62,78r,3.48,,,,,hrazdan restaurant,3.409,D.nairensis,f,06062023,,,,,,,,0
HR107,64,95r,5.3,,,1,br,hrazdan restaurant,69.41,D.nairensis,m,06062023,3449,238,18,29,0.00776647027316551,,,3734
HR108,63,124r,4.52,,,1,br,hrazdan restaurant,12.76,D.nairensis,m,06062023,3164,220,41,63,0.0180619266055046,,-5,3483
HR109,64,134,5.34,,,1,br,hrazdan restaurant,39.12,D.nairensis,m,06062023,2029,390,25,95,0.0374163056321386,25,-1,2563
HR11,69,,5.83,,,,,hrazdan restaurant,,D.nairensis,m,12052023,2227,7,2,19,0.00842572062084257,,-1,2254
HR110,65,107,5.06,,,1,br,hrazdan restaurant,87.29,D.nairensis,m,06062023,3995,300,24,11,0.00254041570438799,,,4330
HR111,63,113,4.84,,,1,br,hrazdan restaurant,27.32,D.nairensis,m,06062023,,,,,,,,0
HR112,63,19r,4.27,,,1,br,hrazdan restaurant,23.39,D.nairensis,m,06062023,4163,183,40,107,0.0238148230580904,,,4493
HR113,59,74r,3.4,,,0,0.5,hrazdan restaurant,3.50,D.nairensis,m,08092023,3663,210,6,6,0.00154440154440154,,-3,3882
HR114,63,124r,4.8,,,0,0.5,hrazdan restaurant,7.90,D.nairensis,m,08092023,4109,73,9,28,0.00663664375444418,,2,4221
HR115,58,128,3.5,,,0,0,hrazdan restaurant,5.80,D.nairensis,m,08092023,3623,218,14,6,0.00155400155400155,,-2,3859
HR116,56,85r,2.8,0,0,,,hrazdan restaurant,7.61,D.nairensis,f,08092023,1209,49,2,39,0.0300230946882217,130,16,1445
HR117,66,117r,4.6,0,0,,,hrazdan restaurant,2.7,D.unisexualis,f,08092023,3217,522,29,25,0.00659108884787767,26,-1,3818
HR118,57,95r,3.6,0,0,,,hrazdan restaurant,2.37,D.unisexualis,f,08092023,2984,546,5,5,0.00141242937853107,,-4,3536
HR119,54,106,2.2,0,0,,,hrazdan restaurant,4.3,D.nairensis,f,08092023,1641,376,31,3,0.00146270112140419,53,,2104
HR12,69,,5.74,,,,,hrazdan restaurant,,D.nairensis,m,12052023,1718,64,41,1,0.00054824561403508,,-1,1823
HR120,55,89r,3,0,0,,,hrazdan restaurant,5.24,D.unisexualis,f,08092023,1349,177,3,1,0.00065359477124183,64,,1594
HR121,57,115,4,0,0,,,hrazdan restaurant,2.52,D.unisexualis,f,08092023,1315,369,19,0,0,101,,1804
HR122,54,100,3.7,0,0,,,hrazdan restaurant,11.73,D.nairensis,f,08092023,2342,751,16,32,0.0101878382680675,88,,3229
HR123,68,55r,5,0,0,,,hrazdan restaurant,63.04,D.armeniaca,f,08092023,1127,17,2,4,0.00347826086956522,,-2,1148
HR124,73,102r,5.6,0,0,,,hrazdan restaurant,45.22,D.armeniaca,f,08092023,5218,125,12,45,0.00833333333333333,,-2,5398
HR125,69,84r,4,0,0,,,hrazdan restaurant,50.32,D.armeniaca,f,08092023,2149,188,51,5,0.00208942749686586,,-1,2392
HR126,54,75r,2,0,0,,,hrazdan restaurant,32.61,D.armeniaca,f,08092023,4020,644,7,11,0.00234942332336608,133,,4815
HR127,65,96r,3.8,0,0,,,hrazdan restaurant,55.4,D.armeniaca,f,08092023,1705,339,13,11,0.00531914893617021,,,2068
HR128,57,103,2.8,0,0,,,hrazdan restaurant,33.04,D.armeniaca,f,08092023,3421,217,9,3,0.00082191780821917,,-2,3648
HR129,57,104,4,0,0,,,hrazdan restaurant,26.88,D.armeniaca,f,08092023,1910,453,7,3,0.00126422250316056,,-3,2370
HR13,68,,6.04,,,,,hrazdan restaurant,,D.nairensis,m,12052023,2153,13,5,12,0.00549702244617499,,,2183
HR130,62,70r,3.6,0,0,,,hrazdan restaurant,36.52,D.armeniaca,f,08092023,1855,113,7,43,0.0213082259663033,,5,2023
HR131,54,85r,2.8,0,0,,,hrazdan restaurant,27.66,D.armeniaca,f,08092023,633,150,17,1,0.00124843945068664,,,801
HR132,55,105,2,0,0,,,hrazdan restaurant,52.61,D.armeniaca,f,08092023,3453,369,17,6,0.00156046814044213,,-4,3841
HR133,53,105,2.6,0,0,,,hrazdan restaurant,28.44,D.armeniaca,f,08092023,,,,,,,,0
HR134,60,110,3,0,0,,,hrazdan restaurant,50.43,D.armeniaca,f,08092023,851,186,35,3,0.0027906976744186,,,1075
HR135,52,100,2,0,0,,,hrazdan restaurant,27.32,D.armeniaca,f,08092023,3202,400,30,2,0.00055035773252614,,,3634
HR136,53,78r,2.2,0,0,,,hrazdan restaurant,24.37,D.armeniaca,f,08092023,2892,295,49,0,0,,,3236
HR137,60,112,3,0,0,,,hrazdan restaurant,28.18,D.armeniaca,f,08092023,3554,293,1,0,0,,,3848
HR138,59,30r,2,0,0,,,hrazdan restaurant,25.5,D.armeniaca,f,08092023,3085,127,14,5,0.00154750851129681,,-1,3230
HR139,54,100,2.2,0,0,,,hrazdan restaurant,50.87,D.armeniaca,f,08092023,2373,365,15,0,0,,,2753
HR14,71,,5.18,,,,,hrazdan restaurant,,D.nairensis,m,12052023,3382,102,5,75,0.021043771043771,,,3564
HR140,59,105,3,0,0,,,hrazdan restaurant,13.46,D.armeniaca,f,08092023,4185,1100,22,9,0.00169300225733634,148,,5464
HR141,58,12r,2.2,0,0,,,hrazdan restaurant,0.81,D.unisexualis,f,10092023,3516,255,10,1,0.0002644103648863,,,3782
HR142,54,47r,2.4,0,0,,,hrazdan restaurant,1.99,D.unisexualis,f,10092023,1387,398,22,4,0.00220872446162341,88,,1899
HR143,68,138,6,0,0,,,hrazdan restaurant,6.5,D.unisexualis,f,10092023,2738,290,6,116,0.0368253968253968,,16,3166
HR144,59,107r,3.6,0,0,,,hrazdan restaurant,2.53,D.unisexualis,f,10092023,3552,427,116,11,0.00267900633219679,170,-1,4275
HR145,58,38r,3.4,0,0,,,hrazdan restaurant,0.95,D.unisexualis,f,10092023,2204,319,4,2,0.00079082641360221,,,2529
HR146,63,83r,3.6,0,0,,,hrazdan restaurant,2.42,D.unisexualis,f,10092023,1518,362,17,12,0.00628601361969618,,,1909
HR147,71,146,6.6,,,0,"0,5",hrazdan restaurant,11.00,D.nairensis,m,10092023,3371,159,6,41,0.011462119094213,,,3577
HR148,70,133,6,,,0,"0,5",hrazdan restaurant,6.90,D.nairensis,m,10092023,3226,125,35,39,0.0113868613138686,,-2,3423
HR149,66,101r,5,,,0,"0,5",hrazdan restaurant,10.00,D.nairensis,m,10092023,1949,286,25,178,0.0730106644790812,,13,2451
HR15,64,,5.47,,,,,hrazdan restaurant,,D.nairensis,m,12052023,4038,167,22,105,0.0242382271468144,,16,4348
HR150,67,118r,4,,,0,1,hrazdan restaurant,,D.nairensis,m,10092023,1433,159,5,14,0.00869025450031037,68,-1,1678
HR151,63,127,3,,,0,"0,5",hrazdan restaurant,18.40,D.nairensis,m,10092023,263,109,6,0,0,,,378
HR152,59,128,3.6,,,0,"0,5",hrazdan restaurant,18.80,D.nairensis,m,10092023,423,512,6,2,0.00212089077412513,-28,,915
HR153,61,41r,3.4,,,0,"0,5",hrazdan restaurant,7.90,D.nairensis,m,10092023,,,,,,,,0
HR154,68,101r,4.6,0,0,,,hrazdan restaurant,,D.nairensis,f,10092023,55,1,4,4,0.0625,,,64
HR155,61,124,3.6,,,0,"0,5",hrazdan restaurant,8.60,D.nairensis,m,10092023,794,449,13,2,0.00158982511923688,99,,1357
HR156,63,137,4.4,,,0,"0,5",hrazdan restaurant,7.90,D.nairensis,m,10092023,2549,816,6,2,0.00059294396679513,374,,3747
HR157,58,124,4,,,0,"0,5",hrazdan restaurant,12.10,D.nairensis,m,10092023,1843,268,6,7,0.00329566854990584,,,2124
HR158,59,120,4.4,,,0,0,hrazdan restaurant,7.10,D.nairensis,m,10092023,755,742,10,2,0.00132538104705103,514,-2,2021
HR159,61,132,5.2,,,0,"0,5",hrazdan restaurant,19.00,D.nairensis,m,10092023,3178,448,10,67,0.0180934377531731,79,7,3789
HR16,68,,6.38,,,,,hrazdan restaurant,,D.nairensis,m,12052023,3845,158,5,7,0.00174346201743462,,,4015
HR160,57,112,3.4,,,0,0,hrazdan restaurant,6.80,D.nairensis,m,10092023,2433,647,10,1,0.00032351989647363,,-1,3090
HR161,59,117,2.8,0,0,,,hrazdan restaurant,2.44,D.nairensis,f,10092023,4717,218,12,10,0.00201734920314706,,,4957
HR162,57,48r,2.2,0,0,,,hrazdan restaurant,6.96,D.nairensis,f,10092023,631,83,7,2,0.00276625172890733,453,-1,1175
HR163,57,97r,3.2,,,,,hrazdan restaurant,9.60,D.nairensis,m,10092023,1719,808,15,3,0.00117878192534381,122,-3,2664
HR164,51,77r,2.4,0,0,,,hrazdan restaurant,0.66,D.nairensis,f,10092023,4259,809,10,9,0.00176921564772951,225,-1,5311
HR165,64,96r,4.6,0,0,,,hrazdan restaurant,2.9,D.nairensis,f,10092023,2058,110,3,31,0.014078110808356,121,4,2327
HR166,72,97r,4.2,0,0,,,hrazdan restaurant,9.37,D.nairensis,f,10092023,2911,356,20,433,0.116397849462366,30,10,3760
HR167,64,89r,3.4,0,0,,,hrazdan restaurant,1.93,D.nairensis,f,10092023,1492,132,5,31,0.0186746987951807,131,2,1793
HR168,63,80r,4.2,0,0,,,hrazdan restaurant,7.68,D.nairensis,f,10092023,1823,374,26,383,0.146968534151957,127,38,2771
HR169,68,72r,3.6,0,0,,,hrazdan restaurant,2.62,D.nairensis,f,10092023,1016,55,0,9,0.00833333333333333,611,14,1705
HR17,68,,5.9,,,,,hrazdan restaurant,,D.nairensis,m,12052023,3216,153,31,67,0.019325064897606,,9,3476
HR170,53,107,2.4,0,0,,,hrazdan restaurant,8.71,D.nairensis,f,10092023,2738,390,14,60,0.018738288569644,71,2,3275
HR171,67,126,4.6,0,0,,,hrazdan restaurant,6.62,D.unisexualis,f,11092023,1369,308,12,11,0.00647058823529412,53,-1,1752
HR172,56,98r,3,0,0,,,hrazdan restaurant,1.55,D.unisexualis,f,11092023,1369,400,8,2,0.00112422709387296,315,-2,2092
HR173,74,26r,5,0,0,,,hrazdan restaurant,4.85,D.unisexualis,f,11092023,1537,207,8,17,0.00960994912379876,37,,1806
HR174,51,114,3.8,0,0,,,hrazdan restaurant,2.29,D.unisexualis,f,11092023,2021,419,10,4,0.00162999185004075,313,-4,2763
HR175,56,82r,2,0,0,,,hrazdan restaurant,2.33,D.unisexualis,f,11092023,530,98,5,12,0.0186046511627907,176,1,822
HR176,68,93r,3.6,0,0,,,hrazdan restaurant,5.94,D.nairensis,f,11092023,715,139,2,5,0.00580720092915215,93,1,955
HR177,67,108r,5.4,,,0,"0,5",hrazdan restaurant,25.80,D.nairensis,m,11092023,3069,319,73,86,0.0242458415562447,-4,-2,3541
HR178,59,110,3,,,0,"0,5",hrazdan restaurant,5.30,D.nairensis,m,11092023,5019,116,16,12,0.00232423009877978,,-4,5159
HR179,66,74r,3.4,0,0,,,hrazdan restaurant,4.47,D.nairensis,f,11092023,1853,225,4,569,0.214635986420219,,38,2689
HR18,67,,5.42,,,,,hrazdan restaurant,,D.nairensis,m,12052023,2790,144,4,62,0.0206666666666667,,1,3001
HR180,58,83r,3.4,0,0,,,hrazdan restaurant,0.89,D.nairensis,f,11092023,1884,409,12,31,0.0132705479452055,185,4,2525
HR181,55,102r,2.4,0,0,,,hrazdan restaurant,3.53,D.nairensis,f,11092023,2907,695,9,9,0.00248618784530387,59,,3679
HR182,53,90r,2.4,0,0,,,hrazdan restaurant,0.89,D.nairensis,f,11092023,1134,360,4,22,0.0144736842105263,61,,1581
HR183,55,10r,1.8,0,0,,,hrazdan restaurant,2.33,D.nairensis,f,11092023,2157,320,8,0,0,181,1,2667
HR184,52,12r,2,0,0,,,hrazdan restaurant,5.49,D.nairensis,f,11092023,5510,641,58,29,0.00464892593780058,,-4,6234
HR185,58,114,3,0,0,,,hrazdan restaurant,3.77,D.nairensis,f,11092023,3440,315,9,5,0.00132661183337755,31,-4,3796
HR19,72,,5.99,,,,,hrazdan restaurant,,D.nairensis,m,12052023,1555,27,7,3,0.00188442211055276,,2,1594
HR2,66,,4.43,0,,,,hrazdan restaurant,,D.unisexualis,f,12052023,1759,48,15,16,0.00870511425462459,127,14,1979
HR20,68,,4.95,0,,,,hrazdan restaurant,,D.nairensis,f,12052023,3233,45,7,80,0.0237741456166419,,,3365
HR21,67,,4.67,0,,,,hrazdan restaurant,,D.nairensis,f,12052023,2482,147,12,33,0.012341062079282,,,2674
HR22,73,,5.72,1,,,,hrazdan restaurant,,D.nairensis,f,12052023,3009,42,23,5,0.0016239038648912,,-2,3077
HR23,66,,4.29,1,,,,hrazdan restaurant,,D.nairensis,f,12052023,2299,7,1,41,0.0174616695059625,,-3,2345
HR24,67,,3.97,2,,,,hrazdan restaurant,,D.nairensis,f,12052023,,,,,,,,0
HR25,61,,4.04,2,,,,hrazdan restaurant,,D.nairensis,f,12052023,3878,269,24,56,0.0132481665483795,,,4227
HR26,66,,4.05,0,,,,hrazdan restaurant,,D.nairensis,f,12052023,2058,28,20,7,0.00331282536677709,,,2113
HR27,58,,2.97,0,,,,hrazdan restaurant,,D.nairensis,f,12052023,3000,62,9,2,0.0006508298080052,,,3073
HR28,60,,3.66,,,,,hrazdan restaurant,,D.nairensis,m,12052023,3734,328,26,118,0.0280551592962435,,,4206
HR29,60,,3.24,,,,,hrazdan restaurant,,D.nairensis,m,12052023,2146,47,20,9,0.00405040504050405,,-3,2219
HR3,66,,4.51,0,,,,hrazdan restaurant,,D.unisexualis,f,12052023,2225,22,60,0,0,,,2307
HR30,58,,2.79,0,,,,hrazdan restaurant,,D.nairensis,f,12052023,3269,67,18,76,0.0221574344023324,,1,3431
HR31,74,139,6.6,,,1,br,hrazdan restaurant,112.90,D.nairensis,m,03062023,,,,,,,,0
HR32,64,115,5.41,,,1,pale,hrazdan restaurant,55.54,D.nairensis,m,03062023,,,,,,,,0
HR33,62,136,5.25,,,1,pale,hrazdan restaurant,,D.nairensis,m,03062023,,,,,,,,0
HR34,64,110,4.25,1,1,,,hrazdan restaurant,2.834,D.nairensis,f,03062023,,,,,,,,0
HR35,69,88r,6.1,,,1,br,hrazdan restaurant,47.04,D.nairensis,m,03062023,,,,,,,,0
HR36,68,95,4.93,,,,,hrazdan restaurant,5.4,D.nairensis,f,03062023,,,,,,,,0
HR37,66,115,5,,,,,hrazdan restaurant,16.59,D.nairensis,f,03062023,,,,,,,,0
HR38,71,131,7.15,,,1,br,hrazdan restaurant,183.10,D.nairensis,m,03062023,,,,,,,,0
HR39,72,98r,5.75,,,1,br,hrazdan restaurant,125.50,D.nairensis,m,03062023,,,,,,,,0
HR4,58,,3.66,5,,,,hrazdan restaurant,,D.unisexualis,f,12052023,1099,38,17,11,0.00944206008583691,,,1165
HR40,65,94r,5.1,,,1,br,hrazdan restaurant,70.71,D.nairensis,m,03062023,,,,,,,,0
HR41,70,24r,4.7,2,1,,,hrazdan restaurant,0.8864,D.nairensis,f,03062023,,,,,,,,0
HR42,64,56r,5.06,,,1,br,hrazdan restaurant,71.15,D.nairensis,m,03062023,,,,,,,,0
HR43,65,80r,5.37,1,,,,hrazdan restaurant,4.328,D.nairensis,f,03062023,,,,,,,,0
HR44,73,122,5.76,1,,,,hrazdan restaurant,23.7,D.nairensis,f,03062023,,,,,,,,0
HR45,66,31r,4.3,,,1,br,hrazdan restaurant,38.57,D.nairensis,m,03062023,,,,,,,,0
HR46,64,114,4.71,,,,,hrazdan restaurant,23.17,D.nairensis,f,03062023,,,,,,,,0
HR47,67,86r,4.92,,,1,pale,hrazdan restaurant,83.06,D.nairensis,m,03062023,,,,,,,,0
HR49,68,95r,5.1,,,,,hrazdan restaurant,108.1,D.armeniaca,f,04062023,5253,29,11,18,0.00338919224251553,,-2,5309
HR5,72,,5.18,1,,,,hrazdan restaurant,,D.unisexualis,f,12052023,2583,46,49,58,0.0211988304093567,,9,2745
HR50,71,88r,6,,1,,,hrazdan restaurant,91.63,D.armeniaca,f,04062023,2936,60,9,35,0.0115131578947368,,3,3043
HR51,61,81r,4.29,,1,,,hrazdan restaurant,,D.armeniaca,f,04062023,,,,,,,,0
HR52,65,86r,4.94,,1,,,hrazdan restaurant,97.2,D.armeniaca,f,04062023,3217,115,7,29,0.0086104513064133,,-2,3366
HR53,62,101r,4.5,,1,,,hrazdan restaurant,93.55,D.armeniaca,f,04062023,1983,49,7,3,0.00146914789422135,,-2,2040
HR54,61,110,4.31,,1,,,hrazdan restaurant,23.3,D.armeniaca,f,04062023,2921,46,8,11,0.00368385800401875,,-10,2976
HR55,71,83r,6.64,,1,,,hrazdan restaurant,75.38,D.armeniaca,f,04062023,3892,138,57,28,0.00680437424058323,,-1,4114
HR56,67,118,5.52,,1,,,hrazdan restaurant,141.6,D.armeniaca,f,04062023,3727,198,51,8,0.00200803212851406,,-2,3982
HR57,61,90r,3.6,,1,,,hrazdan restaurant,85.21,D.armeniaca,f,04062023,3469,47,10,12,0.00339174674957603,,-2,3536
HR58,66,86r,4.64,,1,,,hrazdan restaurant,300,D.armeniaca,f,04062023,,,,,,,,0
HR59,72,91r,6.13,,1,,,hrazdan restaurant,176.1,D.armeniaca,f,04062023,3834,21,24,6,0.00154440154440154,,-1,3884
HR6,56,,3.2,1,,,,hrazdan restaurant,,D.unisexualis,f,12052023,2031,97,10,3,0.00140121438580103,,-2,2139
HR60,64,110,5.05,,1,,,hrazdan restaurant,92.33,D.armeniaca,f,04062023,,,,,,,,0
HR61,63,105r,4.55,,1,,,hrazdan restaurant,,D.armeniaca,f,04062023,3214,34,16,4,0.00122399020807834,103,1,3372
HR62,64,99,4.72,,1,,,hrazdan restaurant,22.36,D.armeniaca,f,04062023,2306,28,7,4,0.00170575692963753,,-4,2341
HR63,63,60r,4,,1,,,hrazdan restaurant,192.47,D.armeniaca,f,04062023,2215,39,50,22,0.00945829750644884,,-3,2323
HR64,63,98,4.14,,1,,,hrazdan restaurant,147.8,D.armeniaca,f,04062023,1664,20,22,7,0.00408639813193228,,,1713
HR65,61,107,4.07,,1,,,hrazdan restaurant,20.73,D.armeniaca,f,04062023,4730,238,93,28,0.00550206327372765,,-5,5084
HR66,61,77r,3.92,,1,,,hrazdan restaurant,93.55,D.armeniaca,f,04062023,2004,148,33,35,0.0157657657657658,,,2220
HR67,65,110,4.33,,1,,,hrazdan restaurant,95.08,D.armeniaca,f,04062023,2234,77,4,0,0,,,2315
HR68,62,96,4.3,,1,,,hrazdan restaurant,223.5,D.armeniaca,f,04062023,3493,238,8,66,0.0173455978975033,,,3805
HR69,68,122,6,2,1,,,hrazdan restaurant,22.36,D.unisexualis,f,05062023,3342,63,17,2,0.00058411214953271,,-2,3422
HR7,74,,5.98,0,,,,hrazdan restaurant,,D.unisexualis,f,12052023,1090,32,20,8,0.00695652173913044,,,1150
HR70,68,102,5.88,1,1,,,hrazdan restaurant,11,D.unisexualis,f,05062023,4038,207,12,7,0.00164165103189493,,,4264
HR71,64,115,5.62,,1,,,hrazdan restaurant,17.12,D.unisexualis,f,05062023,2233,93,4,30,0.0127118644067797,,8,2368
HR72,67,88r,5.89,,1,,,hrazdan restaurant,7.749,D.unisexualis,f,05062023,1606,115,26,0,0,,2,1749
HR73,67,86r,4.67,,1,,,hrazdan restaurant,1.945,D.unisexualis,f,05062023,3357,300,27,28,0.00754310344827586,,2,3714
HR74,65,116,5.15,,1,,,hrazdan restaurant,8.875,D.unisexualis,f,05062023,2194,164,14,8,0.00336134453781513,,-1,2379
HR75,70,80r,6.09,,1,,,hrazdan restaurant,28.68,D.unisexualis,f,05062023,1304,57,17,13,0.00934579439252336,,4,1395
HR76,71,103r,6.07,,1,,,hrazdan restaurant,29.23,D.unisexualis,f,05062023,2712,74,20,75,0.026032627559875,,1,2882
HR77,67,115,5,,1,,,hrazdan restaurant,93.55,D.unisexualis,f,05062023,1012,47,25,0,0,,,1084
HR78,62,12r,4.54,,1,,,hrazdan restaurant,14.13,D.unisexualis,f,05062023,1944,51,16,21,0.0103346456692913,,2,2034
HR79,68,101r,6.03,,1,,,hrazdan restaurant,12.71,D.unisexualis,f,05062023,2583,150,26,22,0.00791082344480403,10,-2,2789
HR8,65,,4.08,0,,,,hrazdan restaurant,,D.unisexualis,f,12052023,,,,,,,,0
HR80,67,94r,4.8,,1,,,hrazdan restaurant,2.686,D.unisexualis,f,05062023,1491,166,18,29,0.017018779342723,,5,1709
HR81,72,131,6.43,1,1,,,hrazdan restaurant,23.33,D.unisexualis,f,05062023,4566,874,16,168,0.0298719772403983,,10,5634
HR82,58,59r,3.35,,,,,hrazdan restaurant,3.422,D.unisexualis,f,05062023,3996,211,9,46,0.010793054903801,,1,4263
HR83,60,116,4.16,,,,,hrazdan restaurant,5.744,D.unisexualis,f,05062023,3550,297,21,137,0.034207240948814,,18,4023
HR84,71,107,6.38,,1,,,hrazdan restaurant,35.6,D.unisexualis,f,05062023,2160,126,17,34,0.014548566538297,,-1,2336
HR85,59,120,3.57,,1,,,hrazdan restaurant,,D.unisexualis,f,05062023,3835,258,28,26,0.00626959247648903,,-4,4143
HR86,73,114,5.88,,1,,,hrazdan restaurant,8.554,D.unisexualis,f,05062023,4050,750,44,49,0.0100143061516452,16,,4909
HR87,60,124,4,,,,,hrazdan restaurant,7.91,D.unisexualis,f,05062023,1993,195,19,7,0.0031616982836495,,-7,2207
HR88,62,115,5.49,,1,,,hrazdan restaurant,17.49,D.unisexualis,f,05062023,3857,223,3,8,0.00195551209973112,,-2,4089
HR89,58,15r,3.19,,1,,,hrazdan restaurant,,D.unisexualis,f,05062023,1770,191,7,73,0.0357667809897109,,8,2049
HR9,71,,5.8,0,,,,hrazdan restaurant,,D.unisexualis,f,12052023,1946,21,9,12,0.00603621730382294,,1,1989
HR90,63,72r,3.81,,,,,hrazdan restaurant,12.83,D.nairensis,f,06062023,1208,26,7,103,0.0766369047619048,61,17,1422
HR91,62,87r,3.28,,,,,hrazdan restaurant,5.134,D.nairensis,f,06062023,,,,,,,,0
HR92,58,97,3.48,,,,,hrazdan restaurant,4.401,D.nairensis,f,06062023,2333,185,11,16,0.00628683693516699,,-6,2539
HR93,62,115,3.92,,,,,hrazdan restaurant,0.9978,D.nairensis,f,06062023,2867,239,24,6,0.00191326530612245,,-1,3135
HR94,62,116,4.17,,,,,hrazdan restaurant,6.962,D.nairensis,f,06062023,3412,443,25,5,0.00128700128700129,,-3,3882
HR95,66,115,3.9,,,,,hrazdan restaurant,5.331,D.nairensis,f,06062023,3163,94,9,40,0.0120992135511192,,-1,3305
HR96,68,86r,4.4,,,,,hrazdan restaurant,13.84,D.nairensis,f,06062023,2604,240,10,96,0.0325423728813559,,,2950
HR97,63,76r,3.72,,,,,hrazdan restaurant,0.9785,D.nairensis,f,06062023,3616,625,27,53,0.0122656792409165,,-3,4318
HR98,66,12r,3.83,,,,,hrazdan restaurant,5.097,D.nairensis,f,06062023,1901,74,5,2,0.00100908173562059,,,1982
HR99,72,59r,6.9,,,1,br,hrazdan restaurant,29.49,D.nairensis,m,06062023,,,,,,,,0
MAR.NN1,65,67r,3.55,,,,,,0.44,D.nairensis,f,,,,,,,,,0
MAR1,76,138r,7.86,,,1,br,marmashen,68.16,D.nairensis,m,23052023,,,,,,,,0
MAR15,73,147r,7.12,,,1,br,marmashen,86.81,D.nairensis,m,23052023,,,,,,,,0
MAR16,70,100r,7.27,,,1,br,marmashen,131.4,D.nairensis,m,23052023,,,,,,,,0
MAR17,66,91r,4.74,0,,,,marmashen,,D.nairensis,f,23052023,,,,,,,,0
MAR18,63,127,4.92,,,,,marmashen,61.88,D.nairensis,m,23052023,,,,,,,,0
MAR19,65,67r,3.55,0,,,,marmashen,,D.nairensis,f,23052023,,,,,,,,0
MAR2,70,99r,5.92,,,0.5,br,marmashen,40.92,D.nairensis,m,23052023,,,,,,,,0
MAR20,66,15r,4.04,1,,,,marmashen,,D.nairensis,f,23052023,,,,,,,,0
MAR29,71,112r,6.16,,,1,br,marmashen,37.36,D.nairensis,m,23052023,,,,,,,,0
MAR3,64,110r,4.14,1,0,,,marmashen,,D.nairensis,f,23052023,,,,,,,,0
MAR30,70,102,5.53,1,,,,marmashen,,D.unisexualis,f,23052023,,,,,,,,0
MAR31,62,105r,4.2,,,1,br,marmashen,,D.nairensis,m,23052023,,,,,,,,0
MAR32,67,102r,4.2,,,1,br,marmashen,,D.nairensis,m,23052023,,,,,,,,0
SH.NN1,74,121r,6.85,1,,,,sepasar hill,3.747,D.valentini,f,23052023,,,,,,,,0
SH.NN2,74,,6.73,,,,,sepasar hill,1.314,D.valentini,f,23052023,,,,,,,,0
SH.NN3,71,100r,5.75,,,,,sepasar hill,2.86,D.valentini,f,23052023,,,,,,,,0
SH1,66,81r,6.14,,,1,br,sepasar hill,11.60,D.valentini,m,12062023,2158,1129,45,20,0.00596658711217184,382,,3734
SH1.22,64,113,4.92,,,,,sepasar hill,,D.valentini,f,11072022,2122,82,13,3,0.00135135135135135,,-2,2218
SH10,68,102r,5.79,,,1,br,sepasar hill,16.17,D.valentini,m,12062023,1547,416,7,1,0.00050735667174023,70,,2041
SH10.22,58,104,4.09,,,,,sepasar hill,,D.valentini,f,11072022,1689,89,29,8,0.00440771349862259,,,1815
SH11,56,106,3.33,,,1,pale,sepasar hill,40.48,D.valentini,m,12062023,1770,152,6,8,0.00413223140495868,,-2,1934
SH11.22,55,102,3.30,,,,,sepasar hill,,D.valentini,f,11072022,2610,441,17,1,0.00032583903551645,26,-1,3094
SH12,61,69r,4.42,,,1,br,sepasar hill,10.34,D.valentini,m,12062023,1717,156,11,13,0.00685292567211386,16,-2,1911
SH12.22,73,115,6.49,,,,,sepasar hill,,D.valentini,f,11072022,2986,97,13,3,0.00096805421103581,,-3,3096
SH13,58,77r,4.29,,,"0,5",br,sepasar hill,11.08,D.valentini,m,12062023,2196,467,26,12,0.00444279896334691,14,-2,2713
SH13.22,68,135,7.10,,,,,sepasar hill,,D.valentini,m,11072022,2563,91,11,14,0.00522583053378126,,-13,2666
SH14,61,92r,4.27,,,1,br,sepasar hill,10.94,D.valentini,m,12062023,846,97,55,6,0.00597609561752988,118,8,1130
SH14.22,69,15,4.54,,,,,sepasar hill,,D.valentini,f,11072022,2546,175,2,2,0.00073394495412844,6,-2,2729
SH15,53,108,3.4,,,"0,5",br/pale,sepasar hill,46.44,D.valentini,m,12062023,1934,266,8,6,0.002710027100271,37,-1,2250
SH15.22,65,109,4.62,,,,,sepasar hill,,D.valentini,f,11072022,2894,165,4,22,0.00713128038897893,,,3085
SH16,71,85r,6.6,3,1,,,sepasar hill,6.121,D.valentini,f,13062023,1668,77,37,6,0.00335570469798658,50,-2,1836
SH16.22,64,78,4.55,,,,,sepasar hill,,D.valentini,f,11072022,3677,282,21,27,0.00673820813576242,10,-3,4014
SH17,74,102r,7.27,4,1,,,sepasar hill,9.386,D.valentini,f,13062023,943,43,99,2,0.00183992640294388,279,-2,1364
SH17.22,65,110,4.24,,,,,sepasar hill,,D.valentini,f,11072022,2587,135,6,24,0.00872093023255814,-3,-4,2745
SH18,69,106r,5.77,6,1,,,sepasar hill,57.35,D.valentini,f,13062023,890,160,33,6,0.00550964187327824,48,-2,1135
SH18.22,60,61,3.71,,,,,sepasar hill,,D.valentini,f,11072022,1977,171,4,2,0.00092850510677808,,,2154
SH19,69,75r,5.24,2,1,,,sepasar hill,48.53,D.valentini,f,13062023,2404,106,29,11,0.00431372549019608,91,-4,2637
SH19.22,67,83,5.86,,,,,sepasar hill,,D.valentini,m,11072022,1993,160,8,2,0.00092464170134073,,-1,2162
SH2,67,25r,5.23,,,1,br,sepasar hill,6.60,D.valentini,m,12062023,5140,207,33,6,0.00111399925733383,-10,-3,5373
SH2.22,68,94,6.48,,,,,sepasar hill,,D.valentini,m,11072022,3107,29,3,12,0.00380831482069184,,,3151
SH20,71,77r,6,4,1,,,sepasar hill,21.77,D.valentini,f,13062023,2124,497,7,8,0.00303490136570561,1,,2637
SH20.22,53,83,2.88,,,,,sepasar hill,,D.valentini,m,11072022,1364,495,17,44,0.0229166666666667,23,-3,1940
SH21,73,92r,7.11,3,1,,,sepasar hill,7.341,D.valentini,f,13062023,3107,249,95,4,0.00115774240231548,25,-4,3476
SH21.22,62,96,3.96,,,,,sepasar hill,,D.valentini,f,11072022,3447,109,1,19,0.00531319910514541,18,-10,3584
SH22,73,90r,6.43,6,1,,,sepasar hill,5.548,D.valentini,f,13062023,1135,26,48,0,0,241,,1450
SH22.22,63,,4.90,,,,,sepasar hill,,D.valentini,m,11072022,2013,59,3,5,0.00240384615384615,,-4,2076
SH23,73,119,7,2,1,,,sepasar hill,25.08,D.valentini,f,13062023,2650,39,21,3,0.00110578695171397,,-2,2711
SH23.22,58,28,3.11,,,,,sepasar hill,,D.valentini,f,11072022,2036,27,3,4,0.00193236714975845,-10,-2,2058
SH24,76,66r,7.55,4,1,,,sepasar hill,77.06,D.valentini,f,13062023,1581,29,14,0,0,,,1624
SH24.22,70,91,5.80,,,,,sepasar hill,,D.valentini,f,11072022,1389,136,3,9,0.00585556278464541,-2,-4,1531
SH25,66,82r,6,3,1,,,sepasar hill,83.52,D.valentini,f,13062023,1348,35,56,19,0.0130315500685871,88,2,1548
SH26,73,40r,6.89,3,1,,,sepasar hill,96.74,D.valentini,f,13062023,1096,42,9,5,0.00434027777777778,,-3,1149
SH27,72,112r,6.62,1,1,,,sepasar hill,15.17,D.valentini,f,13062023,2355,170,13,4,0.001573564122738,54,-4,2592
SH27.22,66,129,6.00,,,,,sepasar hill,,D.valentini,m,11082022,3988,16,5,11,0.0027363184079602,,-3,4017
SH28,64,110,5.08,1,1,,,sepasar hill,25.42,D.valentini,f,13062023,1199,113,56,3,0.00218818380743982,116,2,1489
SH28.22,59,79,3.70,,,,,sepasar hill,,D.valentini,m,08082022,3127,74,0,14,0.00435458786936236,,-5,3210
SH29,68,78r,5.1,2,1,,,sepasar hill,98.06,D.valentini,f,13062023,1600,27,9,33,0.0197723187537448,248,21,1938
SH29.22,63,102,3.80,,,,,sepasar hill,,D.valentini,f,31072022,2179,61,5,5,0.00222222222222222,,-5,2245
SH3,68,78r,6.23,,,1,br,sepasar hill,19.13,D.valentini,m,12062023,1741,27,94,3,0.00160857908847185,715,-1,2579
SH3.22,65,88,4.30,,,,,sepasar hill,,D.valentini,f,11072022,2393,12,4,17,0.00700741962077494,-27,-5,2394
SH30,71,95r,6.72,1,1,,,sepasar hill,47.42,D.valentini,f,13062023,2539,61,4,2,0.00076745970836531,,-2,2604
SH30.22,64,92,3.67,,,,,sepasar hill,,D.valentini,f,10082022,4838,29,6,6,0.00122976019676163,-7,-6,4866
SH31,67,28r,4.92,1,1,,,sepasar hill,21.85,D.valentini,f,13062023,1121,51,24,2,0.00166944908180301,15,-2,1211
SH31.22,66,54,6.09,,,,,sepasar hill,,D.valentini,m,19072022,2053,80,11,9,0.00418021365536461,-1,-7,2145
SH32,71,94r,,1,1,,,sepasar hill,52.12,D.valentini,f,13062023,1911,36,22,0,0,9,,1978
SH32.22,64,105,4.90,,,,,sepasar hill,,D.valentini,f,15072022,4316,93,1,8,0.00181077410593029,,-3,4415
SH33.22,60,105,4.26,,,,,sepasar hill,,D.valentini,f,12072022,2555,86,13,6,0.00225563909774436,-9,,2651
SH34.22,65,76,5.35,,,,,sepasar hill,,D.valentini,m,07082022,1824,145,26,2,0.00100150225338007,43,-1,2039
SH35.22,70,91,5.08,,,,,sepasar hill,,D.valentini,f,24072022,4050,41,2,2,0.00048840048840048,,-1,4094
SH36.22,65,130,5.87,,,,,sepasar hill,,D.valentini,m,25072022,1881,224,27,2,0.00093720712277413,12,-1,2145
SH37.22,75,133,6.65,,,,,sepasar hill,,D.valentini,f,18072022,4570,43,14,8,0.0017259978425027,,-7,4628
SH38.22,64,115,5.81,,,,,sepasar hill,,D.valentini,m,28072022,3920,249,20,4,0.00095397090388743,,-4,4189
SH4,68,45r,5.94,,,1,br,sepasar hill,15.49,D.valentini,m,12062023,2636,378,55,15,0.00486381322957198,126,,3210
SH4.22,61,62,3.66,,,,,sepasar hill,,D.valentini,f,11072022,2984,2,0,8,0.00267201068804275,,-5,2989
SH5,59,120r,4.41,,,1,br,sepasar hill,10.49,D.valentini,m,12062023,1252,277,92,8,0.0049109883364027,176,-3,1802
SH5.22,67,127,6.29,,,,,sepasar hill,,D.valentini,m,11072022,3954,32,1,11,0.00275137568784392,,-5,3993
SH6,59,75r,3.82,,,1,pale,sepasar hill,19.39,D.valentini,m,12062023,,,,,,,,0
SH6.22,62,77,3.78,,,,,sepasar hill,,D.valentini,f,11072022,3593,86,8,7,0.00189496480779643,,-4,3690
SH7,62,83r,4.73,,,1,br,sepasar hill,11.15,D.valentini,m,12062023,859,333,48,8,0.00641025641025641,320,-2,1566
SH7.22,59,68,4.41,,,,,sepasar hill,,D.valentini,m,11072022,4074,521,17,9,0.00194763038303398,,-2,4619
SH8,55,58r,4,,,"0,5",br/pale,sepasar hill,69.26,D.valentini,m,12062023,524,167,3,2,0.0028735632183908,300,2,998
SH8.22,68,126,6.93,,,,,sepasar hill,,D.valentini,m,11072022,3036,152,17,10,0.0031104199066874,,-7,3208
SH9,59,104r,4.63,,,"0,5",br/pale,sepasar hill,18.40,D.valentini,m,12062023,1719,49,6,10,0.00560538116591928,,1,1785
SH9.22,59,108,4.00,,,,,sepasar hill,,D.valentini,f,11072022,3036,115,9,1,0.00031635558367605,,-1,3160
SHM29,73,12r,6.11,,,,,sepasar hill,,D.valentini,f,23052023,4320,70,6,17,0.00385225470201677,,-2,4411
SHM00,67,17r,4.79,,,1,br,sepasar hill,270.4,D.valentini,m,23052023,,,,,,,,0
SHM10,66,97r,5.79,,,1,br,sepasar hill,,D.valentini,m,23052023,1948,5,7,6,0.00305188199389624,22,-6,1982
SHM11,62,123,4.75,,,1,br,sepasar hill,,D.valentini,m,23052023,3176,58,1,1,0.00030902348578492,,,3236
SHM12,74,99r,6.73,1,,,,sepasar hill,,D.valentini,f,23052023,1810,22,6,1,0.00054377379010331,82,-1,1920
SHM13,65,22r,4.1,1,,,,sepasar hill,,D.valentini,f,23052023,3778,19,4,9,0.00236220472440945,,-1,3809
SHM14,67,70r,4.82,,,1,br,sepasar hill,301,D.valentini,m,23052023,2711,168,4,2,0.00069324090121317,,-2,2883
SHM21,67,100,6.33,,,1,br,sepasar hill,286,D.valentini,m,23052023,2356,215,11,1,0.00038714672861014,,-1,2582
SHM22,64,120,6.2,,,1,br,sepasar hill,299.8,D.valentini,m,23052023,2009,10,22,5,0.00244379276637341,,-3,2043
SHM23,75,113r,6.75,1,,,,sepasar hill,,D.valentini,f,23052023,,,,,,,,0
SHM24,74,121r,6.85,1,,,,sepasar hill,,D.valentini,f,23052023,1885,11,20,2,0.00104275286757039,,-1,1917
SHM25,71,100r,5.75,1,,,,sepasar hill,,D.valentini,f,23052023,2942,9,39,3,0.00100233879051119,-5,-1,2987
SHM26,65,69r,4.75,0,,,,sepasar hill,,D.valentini,f,23052023,2196,64,5,10,0.0043956043956044,,,2275
SHM27,61,117r,4.88,,,1,br,sepasar hill,,D.valentini,m,23052023,2739,120,50,23,0.00784447476125512,,-10,2922
SHM28,62,66r,4.2,,,0.5,pl,sepasar hill,182.2,D.valentini,m,23052023,2259,227,24,5,0.00198807157057654,154,3,2672
SHM4,67,102r,5.4,,,1,br,sepasar hill,115,D.valentini,m,23052023,3975,269,62,19,0.00439306358381503,78,-5,4398
SHM5,61,111,5.7,,,1,br,sepasar hill,571.7,D.valentini,m,23052023,3043,204,17,13,0.00396704302715899,66,,3343
SHM6,62,100r,4.05,0,,,,sepasar hill,,D.valentini,f,23052023,2627,28,48,6,0.00221483942414175,,-5,2704
SHM7,61,107r,4.26,1,,,,sepasar hill,,D.valentini,f,23052023,2932,111,9,9,0.00294021561581183,,-4,3057
SHM8,70,59r,5.6,1,,,br,sepasar hill,,D.valentini,f,23052023,4113,51,7,3,0.00071873502635361,5,,4179
SHM9,72,73r,6.24,1,,,,sepasar hill,,D.valentini,f,23052023,2540,29,26,6,0.00230680507497117,,,2601
SR01,,,,,,,,sepasar river,,D.valentini,f,08072022,1288,57,25,4,0.00291120815138282,19,-3,1390
SR02,,,,,,,,sepasar river,,D.armeniaca,f,06072022,2231,1,1,9,0.004014272970562,,-9,2233
SR03,,,,,,,,sepasar river,,D.valentini,f,08072022,2149,416,42,1,0.00038343558282208,-25,-1,2582
SR1,66,85r,4.8,2,1,,,sepasar river,32.44,D.valentini,f,12062023,610,62,5,2,0.00294550810014728,232,,911
SR10,62,98r,4.25,0,0,,,sepasar river,7,D.armeniaca,f,18092023,,,,,,,,0
SR11,59,110r,4.07,0,0,,,sepasar river,30.96,D.armeniaca,f,18092023,516,26,28,3,0.00523560209424084,26,-3,596
SR12,54,65r,2.93,0,0,,,sepasar river,,D.armeniaca,f,18092023,1595,59,3,1,0.00060313630880579,,-1,1657
SR13,57,89r,3.19,0,0,,,sepasar river,16.79,D.armeniaca,f,18092023,1713,24,8,5,0.00285714285714286,139,-5,1884
SR14,59,60r,3.7,0,0,,,sepasar river,5.4,D.armeniaca,f,18092023,1162,79,10,2,0.00159616919393456,,,1253
SR15,63,78r,4.4,0,0,,,sepasar river,25.71,D.armeniaca,f,18092023,1624,50,0,0,0,221,,1895
SR16,67,28r,4.66,0,0,,,sepasar river,8,D.armeniaca,f,18092023,1335,7,2,2,0.00148588410104012,5,-1,1350
SR17,58,83r,3.58,0,0,,,sepasar river,0.4,D.valentini,f,18092023,1999,111,1,1,0.00047348484848484,,,2112
SR18,54,81r,2.93,0,0,,,sepasar river,0.73,D.armeniaca,f,18092023,1011,7,0,1,0.00098135426889107,63,,1082
SR19,61,103r,4.24,0,0,,,sepasar river,12,D.armeniaca,f,18092023,1893,50,9,6,0.00306435137895812,17,-2,1973
SR2,63,92r,4.18,4,1,,,sepasar river,38.41,D.valentini,f,12062023,1399,205,35,1,0.00060975609756097,63,-1,1702
SR20,57,93r,3.05,0,0,,,sepasar river,8.8,D.armeniaca,f,18092023,1748,68,4,4,0.00219298245614035,80,-3,1901
SR21,62,106,4.41,0,0,,,sepasar river,5.5,D.valentini,f,19092023,1964,196,38,3,0.00136301681054066,-4,-2,2195
SR22,60,52r,3.68,0,0,,,sepasar river,09.02,D.valentini,f,19092023,1820,62,5,7,0.00369588173178458,39,-1,1932
SR23,59,104,3.42,0,0,,,sepasar river,28.5,D.armeniaca,f,19092023,1408,26,5,10,0.00690131124913734,14,-10,1453
SR24,57,43r,3.22,0,0,,,sepasar river,9.5,D.armeniaca,f,19092023,2259,42,1,4,0.00173460537727667,,-5,2301
SR3,66,83r,5,3,1,,,sepasar river,22.07,D.valentini,f,12062023,1466,54,5,1,0.00065530799475753,70,-1,1595
SR4,66,77r,4.5,4,1,,,sepasar river,29.77,D.valentini,f,12062023,2724,52,4,4,0.0014367816091954,48,,2832
SR5,71,69r,4.41,5,1,,,sepasar river,20.18,D.valentini,f,12062023,1420,168,11,6,0.00373831775700935,306,-1,1910
SR6,64,26r,4.3,3,1,,,sepasar river,43.63,D.valentini,f,12062023,3091,0,1,1,0.00032331070158422,,,3093
SR7,64,88r,4.3,,,0,"0,5",sepasar river,,D.valentini,m,18092023,1236,187,4,2,0.00139958012596221,178,-2,1605
SR8,62,71r,4.28,,,0,"0,5",sepasar river,4.6,D.valentini,m,18092023,2166,17,5,5,0.00227998176014592,,-3,2190
SR9,63,88r,4.48,0,0,,,sepasar river,10.4,D.armeniaca,f,18092023,1344,35,18,2,0.00142959256611866,89,-2,1486
SRM66,73,80r,4.77,0,,,,sepasar river,,D.valentini,f,24052023,153,3,19,0,0,,,175
SRM67,60,110r,5,,,1,br,sepasar river,,D.valentini,m,24052023,3009,59,2,0,0,,,3070
SRM68,60,113r,4.93,,,1,br,sepasar river,49.75,D.valentini,m,24052023,3724,142,30,10,0.00256016385048643,,-2,3904
SRM69,65,81r,4.15,0,,,,sepasar river,9.331,D.valentini,f,24052023,2232,62,1,1,0.00043554006968641,,,2296
SRM70,61,107,4.54,,,1,br,sepasar river,20.5,D.valentini,m,24052023,506,211,3,1,0.0013869625520111,294,-1,1014
SRM71,70,55 r,5.9,0,1,,,sepasar river,9.626,D.valentini,f,24052023,822,16,0,8,0.00945626477541371,121,-7,960
SRM72,72,22r,3.86,1,,,,sepasar river,22.9,D.valentini,f,25052023,1980,84,74,0,0,-27,1,2112
SRM73,67,112r,5.45,1,1,,,sepasar river,8.722,D.valentini,f,25052023,1360,8,33,2,0.00142551674982181,-5,,1398
SRM74,65,90r,4.15,0,,,,sepasar river,,D.valentini,f,25052023,2555,3,40,1,0.00038476337052712,-12,-1,2586
SRM75,72,107r,6.8,1,,,,sepasar river,8.23,D.valentini,f,25052023,4136,185,54,3,0.00068524440383736,-28,-1,4349
SRM76,64,106,4.35,0,,,,sepasar river,,D.valentini,f,25052023,2578,62,75,4,0.00147112909157779,,-4,2715
SRM77,,,,,,,,sepasar river,,D.valentini,f,25052023,984,55,20,2,0.00188501413760603,-17,,1044
SRM78,,,,,,,,sepasar river,29.108,D.armeniaca,f,25052023,1666,27,18,0,0,53,,1764
SRM79,,,,,,,,sepasar river,16.6,D.armeniaca,f,25052023,2763,5,12,9,0.00322696306920043,,,2789
SRM80,,,,,,,,sepasar river,,D.armeniaca,f,25052023,4015,31,21,6,0.00147311563957771,-13,-2,4058
SRM81,,,,,,,,sepasar river,,D.armeniaca,f,25052023,3557,222,1,14,0.003690036900369,,-5,3789
SRM83,,,,,,,,sepasar river,125.13,D.armeniaca,f,25052023,2845,22,2,0,0,-11,,2858
SRM84,67,122,5.53,,,1,br,sepasar river,35.77,D.valentini,m,25052023,2849,21,15,4,0.00138456213222568,,-3,2886
SRM85,,,,,,,,sepasar river,,D.valentini,m,25052023,3091,3,11,5,0.00160771704180064,,-2,3108
SRM86,62,40r,5,,,1,br,sepasar river,71.56,D.valentini,m,25052023,3040,26,22,3,0.00097055968942089,14,-3,3102