id,sp,sex,svl,lc,m,marks,eggs,pore,colour,date,loc
mar1,D.nairensis,m,76,138r,7.86,,,1,br,230523,marmashen
mar2,D.nairensis,m,70,99r,5.92,,,0.5,br,230523,marmashen
mar3,D.nairensis,f,64,110r,4.14,1,0,,,230523,marmashen
shm00,D.valentini,m,67,17r,4.79,,,1,br,230523,sepasar hill
shm4,D.valentini,m,67,102r,5.40,,,1,br,230523,sepasar hill
shm5,D.valentini,m,61,111,5.70,,,1,br,230523,sepasar hill
shm6,D.valentini,f,62,100r,4.05,0,,,,230523,sepasar hill
shm7,D.valentini,f,61,107r,4.26,1,,,,230523,sepasar hill
shm8,D.valentini,f,70,59r,5.60,1,,,br,230523,sepasar hill
shm9,D.valentini,f,72,73r,6.24,1,,,,230523,sepasar hill
shm10,D.valentini,m,66,97r,5.79,,,1,br,230523,sepasar hill
shm11,D.valentini,m,62,123,4.75,,,1,br,230523,sepasar hill
shm12,D.valentini,f,74,99r,6.73,1,,,,230523,sepasar hill
shm13,D.valentini,f,65,22r,4.10,1,,,,230523,sepasar hill
shm14,D.valentini,m,67,70r,4.82,,,1,br,230523,sepasar hill
mar15,D.nairensis,m,73,147r,7.12,,,1,br,230523,marmashen
mar16,D.nairensis,m,70,100r,7.27,,,1,br,230523,marmashen
mar17,D.nairensis,f,66,91r,4.74,0,,,,230523,marmashen
mar18,D.nairensis,m,63,127,4.92,,,,,230523,marmashen
mar19,D.nairensis,f,65,67r,3.55,0,,,,230523,marmashen
mar20,D.nairensis,f,66,15r,4.04,1,,,,230523,marmashen
shm21,D.valentini,m,67,100,6.33,,,1,br,230523,sepasar hill
shm22,D.valentini,m,64,120,6.20,,,1,br,230523,sepasar hill
shm23,D.valentini,f,75,113r,6.75,1,,,,230523,sepasar hill
shm24,D.valentini,f,74,121r,6.85,1,,,,230523,sepasar hill
shm25,D.valentini,f,71,100r,5.75,1,,,,230523,sepasar hill
shm26,D.valentini,f,65,69r,4.75,0,,,,230523,sepasar hill
shm27,D.valentini,m,61,117r,4.88,,,1,br,230523,sepasar hill
shm28,D.valentini,m,62,66r,4.20,,,0.5,pl,230523,sepasar hill
mar29,D.nairensis,m,71,112r,6.16,,,1,br,230523,marmashen
mar30,D.unisexualis,f,70,102,5.53,1,,,,230523,marmashen
mar31,D.nairensis,m,62,105r,4.2,,,1,br,230523,marmashen
mar32,D.nairensis,m,67,102r,4.2,,,1,br,230523,marmashen
ash1501m,D.valentini,m,64,85r,4.75,,,1,br,240523,sepasar river
ash200,D.armeniaca,f,71,77r,4.88,0,,,,240523,sepasar river
ash2000m,D.valentini,m,65,88r,5.12,,,1,br,240523,sepasar river
ash452,D.armeniaca,f,64,96r,4.31,0,,,,240523,sepasar river
ash51,D.valentini,f,64,90r,4.54,0,,,,240523,sepasar river
SRm66,D.valentini,f,73,80r,4.77,0,,,,240523,sepasar river
ash10,D.valentini,m,67,102r,5.9,,,1,br,240523,sepasar river
ash412,D.armeniaca,f,67,108r,4.53,0,,,,240523,sepasar river
ash143,D.valentini,m,65,72r,5.3,,,"0,5","0,5",240523,sepasar river
ash131+400,D.valentini,m,61,82r,5.44,,,1,br,240523,sepasar river
ash552,D.armeniaca,f,71,95r,5.43,0,,,,240523,sepasar river
ash1000,D.valentini,f,64,98r,4.15,0,,,,240523,sepasar river
ash353,D.armeniaca,f,58,105r,3.96,0,,,,240523,sepasar river
ash1311,D.armeniaca,f,67,70r,5,0,,,,240523,sepasar river
SRm67,D.valentini,m,60,110r,5,,,1,br,240523,sepasar river
ash200.1,D.armeniaca,f,57,110,3.75,0,,,,240523,sepasar river
ash510,D.armeniaca,f,60,105,3.6,0,,,,240523,sepasar river
ash531,D.valentini,m,61,95r,4.57,,,1,br,240523,sepasar river
ash414,D.armeniaca,f,55,85r,3.2,0,,,,240523,sepasar river
ash540,D.armeniaca,f,67,100,5.3,0,,,,240523,sepasar river
ash1020,D.valentini,m,60,82,4.95,,,1,br,240523,sepasar river
ash125,D.valentini,m,64,117,5.53,,,1,br,240523,sepasar river
SRm68,D.valentini,m,60,113r,4.93,,,1,br,240523,sepasar river
ash534,D.valentini,m,61,90r,5.1,,,1,br,240523,sepasar river
SRm69,D.valentini,f,65,81r,4.15,0,,,,240523,sepasar river
SRm70,D.valentini,m,61,107,4.54,,,1,br,240523,sepasar river
ash2000a,D.armeniaca,f,64,77r,3.62,0,,,,240523,sepasar river
ash342,D.valentini,m,63,90r,5.35,,,1,br,240523,sepasar river
Srm71,D.valentini,f,70,55 r,5.9,0,1,,,240523,sepasar river
ash440,D.valentini,m,66,124r,5.46,,,1,br,250523,sepasar river
ash341,D.valentini,m,70,97r,6.3,,,"0,5",br,250523,sepasar river
ash45+50,D.valentini,m,60,112r,5,,,1,br,250523,sepasar river
ash211,D.armeniaca,f,61,30r,3.86,0,,,,250523,sepasar river
SRm72,D.valentini,f,72,22r,3.86,1,,,,250523,sepasar river
ash535,D.valentini,m,60,105r,6.2,,,1,br,250523,sepasar river
SRm73,D.valentini,f,67,112r,5.45,1,1,,,250523,sepasar river
ash141,D.armeniaca,f,64,13r,3.35,0,,,,250523,sepasar river
ash554,D.valentini,m,62,96r,5.9,,,1,br,250523,sepasar river
SRm74,D.valentini,f,65,90r,4.15,0,,,,250523,sepasar river
SRm75,D.valentini,f,72,107r,6.8,1,,,,250523,sepasar river
SRm76,D.valentini,f,64,106,4.35,0,,,,250523,sepasar river
srm84,D.valentini,m,67,122,5.53,,,1,br,250523,sepasar river
srm86,D.valentini,m,62,40r,5.00,,,1,br,250523,sepasar river
Ac24,D.armeniaca,f,71,76r,6.06,0,1,,,280523,amrakits canyon
Ac25,D.armeniaca,f,67,72r,5.07,0,,,,280523,amrakits canyon
AC26,D.dahli,f,69,90r,4.38,0,,,,280523,amrakits canyon
AC27,D.portschinskii,m,63,87r,4.2,,,1,br,280523,amrakits canyon
AC28,D.dahli,f,64,76r,3.81,0,,,,280523,amrakits canyon
AC29,D.dahli,f,62,112,3.68,0,,,,280523,amrakits canyon
AC30,D.dahli,f,59,100,3.4,0,,,,280523,amrakits canyon
Ac31,D.armeniaca,f,70,92r,6.5,,,,,280523,amrakits canyon
AC32,D.dahli,f,62,102,4,,,,,280523,amrakits canyon
AC33,D.armeniaca,f,70,35,4.9,0,,,,280523,amrakits canyon
AC34,D.dahli,f,62,48r,4.32,0,,,,280523,amrakits canyon
AC35,D.dahli,f,62,118,4.9,0,,,,280523,amrakits canyon
AC36,D.dahli,f,68,112,5.46,0,1,,,280523,amrakits canyon
AC37,D.dahli,f,61,84,3.36,0,,,,280523,amrakits canyon
AC38,D.dahli,f,62,90,3.4,0,,,,280523,amrakits canyon
AC39,D.armeniaca,f,64,85,4.35,0,1,,,280523,amrakits canyon
AC40,D.dahli,f,58,106,3.61,0,,,,280523,amrakits canyon
AC41,D.dahli,f,59,105,3.64,0,,,,280523,amrakits canyon
AC42,D.dahli,f,63,70r,4,0,,,,280523,amrakits canyon
AC43,D.dahli,f,65,100,4.03,0,,,,280523,amrakits canyon
AC44,D.dahli,f,67,89r,4.32,0,,,,280523,amrakits canyon
AC45,D.dahli,f,66,96,3.5,0,,,,280523,amrakits canyon
AC46,D.dahli,f,67,94,4.32,0,,,,280523,amrakits canyon
AC47,D.dahli,f,66,93,4.13,0,,,,280523,amrakits canyon
AC48,D.dahli,f,56,103,3,0,,,,280523,amrakits canyon
AC49,D.dahli,f,53,71r,2.54,0,,,,280523,amrakits canyon
acn1341,D.portschinskii,f,62,110,3.63,4,1,,,280523,amrakits canyon
AC50,D.portschinskii,m,64,128,4.9,,,1,br,280523,amrakits canyon
AC51,D.portschinskii,m,59,86r,4.6,,,1,br,280523,amrakits canyon
AC52,D.portschinskii,m,56,118,4.32,,,1,br,280523,amrakits canyon
AC53,D.portschinskii,m,58,126,4.36,,,1,br,280523,amrakits canyon
AC54,D.portschinskii,m,53,103,2.69,,,1,br,280523,amrakits canyon
AC55,D.portschinskii,f,54,99,2.69,2,,,,280523,amrakits canyon
acn1342,D.portschinskii,f,54,72,2.27,3,,,,280523,amrakits canyon
acn1343,D.portschinskii,f,59,30r,3.37,5,1,,,280523,amrakits canyon
acn2344,D.portschinskii,m,61,115,4.27,,,1,br,280523,amrakits canyon
acn1345,D.portschinskii,m,63,121,4.77,,,1,br,280523,amrakits canyon
acn1351,D.portschinskii,m,63,81r,4.15,,,1,br,280523,amrakits canyon
GG1,D.dahli,f,60,112,3.86,1,,,,290523,gar-gar
GG2,D.dahli,f,56,81,2.83,,,,,290523,gar-gar
GG3,D.portschinskii,m,52,111,2.45,,,1,br,290523,gar-gar
GG4,D.dahli,f,50,69r,2.07,,,,,290523,gar-gar
GG5,D.portschinskii,m,53,110,3,,,,,290523,gar-gar
GG135,D.portschinskii,f,68,114,4.6,,,,,290523,gar-gar
ACN1354,D.portschinskii,f,59,103,3.35,2,,,,290523,gar-gar
GG6,D.portschinskii,m,62,28r,4.24,,,1,br,290523,gar-gar
GG7,D.dahli,f,61,115,4.18,,,,,290523,gar-gar
ggr1355,D.dahli,f,61,109,3.78,3 но слабые,,,,290523,gar-gar
GG8,D.portschinskii,m,54,105,3.18,,,1,br,290523,gar-gar
GG9,D.portschinskii,m,54,81,2.92,,,1,br,290523,gar-gar
GG10,D.portschinskii,m,56,115,3.29,,,1,br,290523,gar-gar
GG11,D.portschinskii,m,54,115,3.3,,,1,br,290523,gar-gar
GG12,D.portschinskii,m,53,113,3,,,1,br,290523,gar-gar
ggr3001,D.portschinskii,m,63,88r,3.78,,,1,br,290523,gar-gar
ggr3002,D.portschinskii,f,51,73,2.03,5,,,,290523,gar-gar
GG13,D.portschinskii,m,61,126,3.96,,,1,br,290523,gar-gar
GG14,D.portschinskii,m,60,120,4.05,,,1,br,290523,gar-gar
GG15,D.portschinskii,m,61,112,4.12,,,1,br,290523,gar-gar
ACN5013,D.portschinskii,m,64,111,4.66,,,1,br,290523,gar-gar
GG16,D.portschinskii,m,64,112r,4.78,,,1,br,290523,gar-gar
GG17,D.portschinskii,m,62,93r,4.49,,,1,br,290523,gar-gar
GG18,D.portschinskii,m,58,117,4.56,,,1,br,290523,gar-gar
GG19,D.portschinskii,m,59,100r,4.42,,,1,br,290523,gar-gar
GG20,D.portschinskii,m,58,15r,3.44,,,1,br,290523,gar-gar
GG21,D.portschinskii,m,59,115,4.54,,,1,br,290523,gar-gar
GG22,D.portschinskii,m,61,49r,4,,,1,br,290523,gar-gar
GG23,D.portschinskii,f,60,68r,3.46,8,1,,,300523,gar-gar
GG24,D.portschinskii,f,60,117,3.54,4,1,,,300523,gar-gar
GG25,D.portschinskii,f,63,71r,3.56,6,1,,,300523,gar-gar
GG26,D.portschinskii,f,62,83,3.35,3,1,,,300523,gar-gar
GG27,D.portschinskii,f,59,102,3.28,5,1,,,300523,gar-gar
GG28,D.portschinskii,f,53,92r,3.06,5,1,,,300523,gar-gar
GG29,D.portschinskii,f,51,13r,1.89,,,,,300523,gar-gar
GG30,D.portschinskii,f,57,113,3.45,4,1,,,300523,gar-gar
GG31,D.portschinskii,f,54,99,2.23,1,1,,,300523,gar-gar
GG32,D.portschinskii,f,50,95,2.06,2,,,,300523,gar-gar
GG33,D.portschinskii,m,52,110,2.9,,,1,br,300523,gar-gar
AC56,D.armeniaca,f,70,114r,6.58,,,,,300523,amrakits canyon
AC57,D.armeniaca,f,64,104,4.45,,,,,300523,amrakits canyon
AC58,D.armeniaca,f,55,17r,2.67,,,,,300523,amrakits canyon
AC59,D.armeniaca,f,75,74r,6.62,,1,,,300523,amrakits canyon
AC60,D.armeniaca,f,69,112r,5.57,,1,,,300523,amrakits canyon
AC61,D.armeniaca,f,71,82r,5.62,,,,,300523,amrakits canyon
AC62,D.armeniaca,f,67,112,5.49,,1,,,300523,amrakits canyon
AC63,D.armeniaca,f,65,113,5.18,,1,,,300523,amrakits canyon
AC64,D.armeniaca,f,66,70r,5.05,,1,,,300523,amrakits canyon
AC65,D.armeniaca,f,64,106,5.28,,1,,,300523,amrakits canyon
AC66,D.armeniaca,f,67,115,5.55,,1,,,300523,amrakits canyon
AC67,D.armeniaca,f,62,87r,4.74,,1,,,300523,amrakits canyon
AC68,D.portschinskii,f,62,76r,3.65,,1,,,300523,amrakits canyon
AC69,D.portschinskii,m,62,10r,3.94,,,1,br,300523,amrakits canyon
AC70,D.portschinskii,f,69,70,2.85,3,1,,,300523,amrakits canyon
AC71,D.armeniaca,f,53,81r,2.95,,,,,300523,amrakits canyon
AC72,D.portschinskii,m,63,63r,4.89,,,1,br,300523,amrakits canyon
AC73,D.portschinskii,m,54,118,3.53,,,1,br,300523,amrakits canyon
AC74,D.portschinskii,f,49,72,2.07,2,,,,300523,amrakits canyon
HR31,D.nairensis,m,74,139,6.6,,,1,br,30623,hrazdan restaurant
HR32,D.nairensis,m,64,115,5.41,,,1,pale,30623,hrazdan restaurant
HR33,D.nairensis,m,62,136,5.25,,,1,pale,30623,hrazdan restaurant
HR34,D.nairensis,f,64,110,4.25,1,1,,,30623,hrazdan restaurant
HR35,D.nairensis,m,69,88r,6.1,,,1,br,30623,hrazdan restaurant
HR36,D.nairensis,f,68,95,4.93,,,,,30623,hrazdan restaurant
HR37,D.nairensis,f,66,115,5,,,,,30623,hrazdan restaurant
HR38,D.nairensis,m,71,131,7.15,,,1,br,30623,hrazdan restaurant
HR39,D.nairensis,m,72,98r,5.75,,,1,br,30623,hrazdan restaurant
HR40,D.nairensis,m,65,94r,5.1,,,1,br,30623,hrazdan restaurant
HR41,D.nairensis,f,70,24r,4.7,2,1,,,30623,hrazdan restaurant
HR42,D.nairensis,m,64,56r,5.06,,,1,br,30623,hrazdan restaurant
HR43,D.nairensis,f,65,80r,5.37,1,,,,30623,hrazdan restaurant
HR44,D.nairensis,f,73,122,5.76,1,,,,30623,hrazdan restaurant
HR45,D.nairensis,m,66,31r,4.3,,,1,br,30623,hrazdan restaurant
HR46,D.nairensis,f,64,114,4.71,,,,,30623,hrazdan restaurant
HR47,D.nairensis,m,67,86r,4.92,,,1,pale,30623,hrazdan restaurant
HR49,D.armeniaca,f,68,95r,5.1,,,,,40623,hrazdan restaurant
HR50,D.armeniaca,f,71,88r,6,,1,,,40623,hrazdan restaurant
HR51,D.armeniaca,f,61,81r,4.29,,1,,,40623,hrazdan restaurant
HR52,D.armeniaca,f,65,86r,4.94,,1,,,40623,hrazdan restaurant
HR53,D.armeniaca,f,62,101r,4.5,,1,,,40623,hrazdan restaurant
HR54,D.armeniaca,f,61,110,4.31,,1,,,40623,hrazdan restaurant
HR55,D.armeniaca,f,71,83r,6.64,,1,,,40623,hrazdan restaurant
HR56,D.armeniaca,f,67,118,5.52,,1,,,40623,hrazdan restaurant
HR57,D.armeniaca,f,61,90r,3.6,,1,,,40623,hrazdan restaurant
HR58,D.armeniaca,f,66,86r,4.64,,1,,,40623,hrazdan restaurant
HR59,D.armeniaca,f,72,91r,6.13,,1,,,40623,hrazdan restaurant
HR60,D.armeniaca,f,64,110,5.05,,1,,,40623,hrazdan restaurant
HR61,D.armeniaca,f,63,105r,4.55,,1,,,40623,hrazdan restaurant
HR62,D.armeniaca,f,64,99,4.72,,1,,,40623,hrazdan restaurant
HR63,D.armeniaca,f,63,60r,4,,1,,,40623,hrazdan restaurant
HR64,D.armeniaca,f,63,98,4.14,,1,,,40623,hrazdan restaurant
HR65,D.armeniaca,f,61,107,4.07,,1,,,40623,hrazdan restaurant
HR66,D.armeniaca,f,61,77r,3.92,,1,,,40623,hrazdan restaurant
HR67,D.armeniaca,f,65,110,4.33,,1,,,40623,hrazdan restaurant
HR68,D.armeniaca,f,62,96,4.3,,1,,,40623,hrazdan restaurant
HR69,D.unisexualis,f,68,122,6,2,1,,,50623,hrazdan restaurant
HR70,D.unisexualis,f,68,102,5.88,1,1,,,50623,hrazdan restaurant
HR71,D.unisexualis,f,64,115,5.62,,1,,,50623,hrazdan restaurant
HR72,D.unisexualis,f,67,88r,5.89,,1,,,50623,hrazdan restaurant
HR73,D.unisexualis,f,67,86r,4.67,,1,,,50623,hrazdan restaurant
HR74,D.unisexualis,f,65,116,5.15,,1,,,50623,hrazdan restaurant
HR75,D.unisexualis,f,70,80r,6.09,,1,,,50623,hrazdan restaurant
HR76,D.unisexualis,f,71,103r,6.07,,1,,,50623,hrazdan restaurant
HR77,D.unisexualis,f,67,115,5,,1,,,50623,hrazdan restaurant
HR78,D.unisexualis,f,62,12r,4.54,,1,,,50623,hrazdan restaurant
HR79,D.unisexualis,f,68,101r,6.03,,1,,,50623,hrazdan restaurant
HR80,D.unisexualis,f,67,94r,4.8,,1,,,50623,hrazdan restaurant
HR81,D.unisexualis,f,72,131,6.43,1,1,,,50623,hrazdan restaurant
HR82,D.unisexualis,f,58,59r,3.35,,,,,50623,hrazdan restaurant
HR83,D.unisexualis,f,60,116,4.16,,,,,50623,hrazdan restaurant
HR84,D.unisexualis,f,71,107,6.38,,1,,,50623,hrazdan restaurant
HR85,D.unisexualis,f,59,120,3.57,,1,,,50623,hrazdan restaurant
HR86,D.unisexualis,f,73,114,5.88,,1,,,50623,hrazdan restaurant
HR87,D.unisexualis,f,60,124,4,,,,,50623,hrazdan restaurant
HR88,D.unisexualis,f,62,115,5.49,,1,,,50623,hrazdan restaurant
HR89,D.unisexualis,f,58,15r,3.19,,1,,,50623,hrazdan restaurant
HR90,D.nairensis,f,63,72r,3.81,,,,,60623,hrazdan restaurant
HR91,D.nairensis,f,62,87r,3.28,,,,,60623,hrazdan restaurant
HR92,D.nairensis,f,58,97,3.48,,,,,60623,hrazdan restaurant
HR93,D.nairensis,f,62,115,3.92,,,,,60623,hrazdan restaurant
HR94,D.nairensis,f,62,116,4.17,,,,,60623,hrazdan restaurant
HR95,D.nairensis,f,66,115,3.9,,,,,60623,hrazdan restaurant
HR96,D.nairensis,f,68,86r,4.4,,,,,60623,hrazdan restaurant
HR97,D.nairensis,f,63,76r,3.72,,,,,60623,hrazdan restaurant
HR98,D.nairensis,f,66,12r,3.83,,,,,60623,hrazdan restaurant
HR99,D.nairensis,m,72,59r,6.9,,,1,br,60623,hrazdan restaurant
HR100,D.nairensis,m,67,135r,5.81,,,1,br,60623,hrazdan restaurant
HR101,D.nairensis,m,70,104r,5.58,,,1,br,60623,hrazdan restaurant
HR102,D.nairensis,m,71,128,6.88,,,1,br,60623,hrazdan restaurant
HR103,D.nairensis,m,67,95r,6.27,,,1,br,60623,hrazdan restaurant
HR104,D.nairensis,m,69,118,6.35,,,1,br,60623,hrazdan restaurant
HR105,D.nairensis,m,68,110r,5.9,,,1,br,60623,hrazdan restaurant
HR106,D.nairensis,f,62,78r,3.48,,,,,60623,hrazdan restaurant
HR107,D.nairensis,m,64,95r,5.3,,,1,br,60623,hrazdan restaurant
HR108,D.nairensis,m,63,124r,4.52,,,1,br,60623,hrazdan restaurant
HR109,D.nairensis,m,64,134,5.34,,,1,br,60623,hrazdan restaurant
HR110,D.nairensis,m,65,107,5.06,,,1,br,60623,hrazdan restaurant
HR111,D.nairensis,m,63,113,4.84,,,1,br,60623,hrazdan restaurant
HR112,D.nairensis,m,63,19r,4.27,,,1,br,60623,hrazdan restaurant
ash545,D.valentini,m,63,119r,5.5,,,1,pale,100623,sepasar river
ash45+50,D.valentini,m,63,117r,4.88,,,1,br,100623,sepasar river
ash330,D.valentini,m,64,44r,4.62,,,1,pale,100623,sepasar river
ash543+2400,D.valentini,m,65,44r,5.16,,,1,br,100623,sepasar river
ash143,D.valentini,m,64,80r,5.16,,,1,br,100623,sepasar river
ash125,D.valentini,m,64,118r,5.44,,,1,br,100623,sepasar river
ash325,D.valentini,m,61,94r,4.8,,,1,br,100623,sepasar river
ash331,D.valentini,m,59,108r,5.45,,,1,br,100623,sepasar river
ash1005,D.valentini,m,62,95r,5.21,,,1,br,100623,sepasar river
ash432,D.valentini,f,66,84r,5.18,5,1,,,100623,sepasar river
ash433,D.valentini,f,72,79r,5.97,6,1,,,100623,sepasar river
ash21,D.valentini,f,73,103r,5.94,6,1,,,100623,sepasar river
ash2000f,D.valentini,f,68,100r,5.91,4,1,,,100623,sepasar river
ash323,D.valentini,f,68,103r,5.44,3,1,,,100623,sepasar river
ash322,D.valentini,f,63,84r,4.48,4,1,,,100623,sepasar river
ash241,D.armeniaca,f,67,66r,4.75,2,1,,,100623,sepasar river
ash40,D.armeniaca,f,58,89r,3.76,,1,,,100623,sepasar river
ash400,D.armeniaca,f,67,84r,5.03,1,1,,,100623,sepasar river
ash254,D.armeniaca,f,63,80r,4.66,2,1,,,100623,sepasar river
ash311,D.armeniaca,f,67,109r,5.81,2,1,,,100623,sepasar river
ash414,D.armeniaca,f,57,55r,3.6,1,1,,,100623,sepasar river
ash103,D.armeniaca,f,65,77r,5.69,3,1,,,100623,sepasar river
ash453,D.armeniaca,f,70,110r,5.86,1,1,,,100623,sepasar river
ash452,D.armeniaca,f,61,110r,4.14,1,,,,100623,sepasar river
ash255,D.armeniaca,f,63,71r,4.58,2,1,,,100623,sepasar river
ash14,D.valentini,m,62,84r,4.18,,,1,br,110623,sepasar river
ash550,D.valentini,m,54,102r,3.28,,,1,br,110623,sepasar river
ash10,D.valentini,m,65,102r,5.42,,,1,br,110623,sepasar river
ash534,D.valentini,m,61,66r,4.96,,,1,br,110623,sepasar river
ash502,D.valentini,m,62,18r,4.53,,,1,br,110623,sepasar river
ash555,D.valentini,m,64,113r,5.45,,,1,br,110623,sepasar river
ash1000,D.valentini,f,65,106r,5.38,3,1,,,110623,sepasar river
ash51,D.valentini,f,64,80r,4.5,4,1,,,110623,sepasar river
ash321,D.valentini,f,68,94r,5.19,5,1,,,110623,sepasar river
ash424,D.armeniaca,f,71,89r,6.25,2,1,,,110623,sepasar river
ash355,D.armeniaca,f,66,105r,5.4,2,1,,,110623,sepasar river
ash551,D.armeniaca,f,70,110r,6.37,1,1,,,110623,sepasar river
ash240,D.armeniaca,f,67,77r,5.24,3,1,,,110623,sepasar river
ash211,D.armeniaca,f,63,31r,4.34,,1,,,110623,sepasar river
ash450,D.armeniaca,f,64,95r,4.51,,1,,,110623,sepasar river
ash312,D.armeniaca,f,62,70r,4.49,,1,,,110623,sepasar river
ash552,D.armeniaca,f,64,10r,4.16,1,1,,,110623,sepasar river
ash252,D.valentini,f,60,65r,3.72,5,1,,,120623,sepasar river
SR1,D.valentini,f,66,85r,4.8,2,1,,,120623,sepasar river
SR2,D.valentini,f,63,92r,4.18,4,1,,,120623,sepasar river
SR3,D.valentini,f,66,83r,5,3,1,,,120623,sepasar river
SR4,D.valentini,f,66,77r,4.5,4,1,,,120623,sepasar river
SR5,D.valentini,f,71,69r,4.41,5,1,,,120623,sepasar river
SR6,D.valentini,f,64,26r,4.3,3,1,,,120623,sepasar river
SH1,D.valentini,m,66,81r,6.14,,,1,br,120623,sepasar hill
SH2,D.valentini,m,67,25r,5.23,,,1,br,120623,sepasar hill
SH3,D.valentini,m,68,78r,6.23,,,1,br,120623,sepasar hill
SH4,D.valentini,m,68,45r,5.94,,,1,br,120623,sepasar hill
SH5,D.valentini,m,59,120r,4.41,,,1,br,120623,sepasar hill
SH6,D.valentini,m,59,75r,3.82,,,1,pale,120623,sepasar hill
SH7,D.valentini,m,62,83r,4.73,,,1,br,120623,sepasar hill
SH8,D.valentini,m,55,58r,4,,,"0,5",br/pale,120623,sepasar hill
SH9,D.valentini,m,59,104r,4.63,,,"0,5",br/pale,120623,sepasar hill
SH10,D.valentini,m,68,102r,5.79,,,1,br,120623,sepasar hill
SH11,D.valentini,m,56,106,3.33,,,1,pale,120623,sepasar hill
SH12,D.valentini,m,61,69r,4.42,,,1,br,120623,sepasar hill
SH13,D.valentini,m,58,77r,4.29,,,"0,5",br,120623,sepasar hill
SH14,D.valentini,m,61,92r,4.27,,,1,br,120623,sepasar hill
SH15,D.valentini,m,53,108,3.4,,,"0,5",br/pale,120623,sepasar hill
SH16,D.valentini,f,71,85r,6.6,3,1,,,130623,sepasar hill
SH17,D.valentini,f,74,102r,7.27,4,1,,,130623,sepasar hill
SH18,D.valentini,f,69,106r,5.77,6,1,,,130623,sepasar hill
SH19,D.valentini,f,69,75r,5.24,2,1,,,130623,sepasar hill
SH20,D.valentini,f,71,77r,6,4,1,,,130623,sepasar hill
SH21,D.valentini,f,73,92r,7.11,3,1,,,130623,sepasar hill
SH22,D.valentini,f,73,90r,6.43,6,1,,,130623,sepasar hill
SH23,D.valentini,f,73,119,7,2,1,,,130623,sepasar hill
SH24,D.valentini,f,76,66r,7.55,4,1,,,130623,sepasar hill
SH25,D.valentini,f,66,82r,6,3,1,,,130623,sepasar hill
SH26,D.valentini,f,73,40r,6.89,3,1,,,130623,sepasar hill
SH27,D.valentini,f,72,112r,6.62,1,1,,,130623,sepasar hill
SH28,D.valentini,f,64,110,5.08,1,1,,,130623,sepasar hill
SH29,D.valentini,f,68,78r,5.1,2,1,,,130623,sepasar hill
SH30,D.valentini,f,71,95r,6.72,1,1,,,130623,sepasar hill
SH31,D.valentini,f,67,28r,4.92,1,1,,,130623,sepasar hill
SH32,D.valentini,f,71,94r,,1,1,,,130623,sepasar hill
AC75,D.portschinskii,f,59,72r,3.27,3,1,,,150623,amrakits canyon
AC76,D.portschinskii,f,62,30r,3.36,2,,,,150623,amrakits canyon
AC77,D.portschinskii,f,57,10r,2.23,2,1,,,150623,amrakits canyon
AC78,D.portschinskii,f,64,79r,4.21,2,1,,,150623,amrakits canyon
AC79,D.portschinskii,f,62,72r,3.23,3,,,,150623,amrakits canyon
AC80,D.portschinskii,f,55,75r,2.84,2,1,,,150623,amrakits canyon
AC81,D.portschinskii,f,63,97,3.65,3,1,,,150623,amrakits canyon
AC82,D.portschinskii,m,62,125,6,,,1,br,150623,amrakits canyon
AC83,D.portschinskii,m,60,100,4.27,,,1,br,150623,amrakits canyon
AC84,D.portschinskii,f,62,115,3.95,4,1,,,150623,amrakits canyon
AC85,D.portschinskii,m,61,139,4.95,,,1,br,150623,amrakits canyon
AC86,D.portschinskii,m,60,119,4.08,,,"0,5",pale,150623,amrakits canyon
AC87,D.portschinskii,m,62,108r,4.63,,,"0,5",pale,150623,amrakits canyon
AC88,D.portschinskii,m,63,130,4.91,,,"0,5",pale,150623,amrakits canyon
AC89,D.portschinskii,f,61,121,3.57,4,1,,,150623,amrakits canyon
AC90,D.portschinskii,m,63,103r,,,,1,br,150623,amrakits canyon
AC91,D.armeniaca,f,72,103r,5.73,,1,,,150623,amrakits canyon
AC92,D.armeniaca,f,70,64r,6.2,,1,,,150623,amrakits canyon
AC93,D.armeniaca,f,62,109,4.38,,1,,,150623,amrakits canyon
AC94,D.armeniaca,f,71,80r,6.23,,1,,,150623,amrakits canyon
AC95,D.armeniaca,f,70,100r,5.4,,1,,,150623,amrakits canyon
AC96,D.armeniaca,f,66,45r,4.43,,1,,,150623,amrakits canyon
AC97,D.armeniaca,f,68,107,4.56,,1,,,150623,amrakits canyon
AC98,D.dahli,f,65,86r,4.3,1,1,,,150623,amrakits canyon
AC99,D.dahli,f,66,17r,3.68,1,1,,,150623,amrakits canyon
AC100,D.dahli,f,60,84r,3.41,,1,,,150623,amrakits canyon
AC101,D.dahli,f,67,121,5,2,1,,,150623,amrakits canyon
AC102,D.dahli,f,63,105r,4.58,1,1,,,150623,amrakits canyon
AC103,D.dahli,f,64,60r,4,1,1,,,150623,amrakits canyon
AC104,D.dahli,f,64,80r,3.87,1,1,,,150623,amrakits canyon
AC105,D.dahli,f,58,18r,2.6,,1,,,150623,amrakits canyon
AC106,D.dahli,f,53,63r,2.47,,1,,,150623,amrakits canyon
AC107,D.dahli,f,64,108,4.09,,1,,,150623,amrakits canyon
AC108,D.dahli,f,63,88r,3.65,,,,,150623,amrakits canyon
AC109,D.dahli,f,57,35r,3.28,,1,,,150623,amrakits canyon
AC110,D.dahli,f,61,16r,3.21,1,1,,,150623,amrakits canyon
AC111,D.portschinskii,m,58,88r,3.68,,,1,br,160623,amrakits canyon
AC112,D.portschinskii,m,57,28r,3.61,,,1,br,160623,amrakits canyon
AC113,D.portschinskii,m,62,88r,4.47,,,1,pale,160623,amrakits canyon
AC114,D.portschinskii,m,59,69r,3.94,,,"0,5",br,160623,amrakits canyon
AC115,D.portschinskii,m,57,115r,4.06,,,1,br,160623,amrakits canyon
AC116,D.portschinskii,m,64,93r,5.1,,,"0,5",pale,160623,amrakits canyon
AC117,D.portschinskii,m,59,83r,3.42,,,"0,5",pale,160623,amrakits canyon
AC118,D.portschinskii,f,67,93r,4.31,5,1,,,160623,amrakits canyon
AC119,D.portschinskii,f,57,80r,3.26,3,1,,,160623,amrakits canyon
AC120,D.portschinskii,f,59,112,3.79,3,1,,,160623,amrakits canyon
AC121,D.portschinskii,f,59,87r,3.72,3,1,,,160623,amrakits canyon
AC122,D.portschinskii,f,60,90r,3.5,5,1,,,160623,amrakits canyon
AC123,D.portschinskii,f,57,108,3.04,2,1,,,160623,amrakits canyon
AC124,D.portschinskii,f,64,68r,4.62,3,1,,,160623,amrakits canyon
AC125,D.portschinskii,f,62,106,3.76,2,1,,,160623,amrakits canyon
AC126,D.portschinskii,f,58,82r,3.06,2,1,,,160623,amrakits canyon
AC127,D.portschinskii,f,54,102,2.67,3,1,,,160623,amrakits canyon
AC128,D.portschinskii,f,57,61r,2.79,2,1,,,160623,amrakits canyon
AC129,D.portschinskii,f,61,86r,3.51,4,1,,,160623,amrakits canyon
AC130,D.portschinskii,f,53,21r,2.17,2,1,,,160623,amrakits canyon
AC131,D.portschinskii,f,60,102,3.71,3,1,,,160623,amrakits canyon
AC132,DportXDdah,f,62,115,4.35,0,0,,,160623,amrakits canyon
AC133,DportXDdah,f,60,119,3.2,0,0,,,160623,amrakits canyon
AC134,DportXDdah,f,63,10r,2.92,0,0,,,160623,amrakits canyon
AC135,DportXDarm,f,73,130r,5.58,0,0,,,160623,amrakits canyon
AC136,D.armeniaca,f,64,95r,5.25,,1,,,160623,amrakits canyon
AC137,D.armeniaca,f,67,103r,5.97,,1,,,160623,amrakits canyon
AC138,D.armeniaca,f,68,100r,5.33,,1,,,160623,amrakits canyon
AC139,D.armeniaca,f,64,99r,4.84,,1,,,160623,amrakits canyon
AC140,D.armeniaca,f,60,104,4.55,,1,,,160623,amrakits canyon
AC141,D.armeniaca,f,63,115,4.96,,1,,,160623,amrakits canyon
AC142,D.armeniaca,f,66,115,5.73,,1,,,160623,amrakits canyon
AC143,D.armeniaca,f,64,106,5.18,,1,,,160623,amrakits canyon
acn5014,D.dahli,f,67,112r,5,1,1,,,160623,amrakits canyon
acn5015,D.dahli,f,62,64r,3.89,1,1,,,160623,amrakits canyon
acn5520,D.dahli,f,64,81r,4.18,1,1,,,160623,amrakits canyon
acn5021,D.dahli,f,63,84r,3.89,1,1,,,160623,amrakits canyon
acn5022,D.dahli,f,58,70r,3.07,1,1,,,160623,amrakits canyon
acn5023,D.dahli,f,68,100r,4.55,1,1,,,160623,amrakits canyon
acn5024,D.dahli,f,61,35r,3.34,2,1,,,160623,amrakits canyon
acn5025,D.dahli,f,70,44r,4.45,2,1,,,160623,amrakits canyon
acn5030,D.dahli,f,62,10r,3.13,1,1,,,160623,amrakits canyon
AC144,D.dahli,f,63,114,4.03,0,1,,,160623,amrakits canyon
AC145,D.dahli,f,63,93r,3.86,,1,,,160623,amrakits canyon
AC146,D.dahli,f,63,18r,3.14,,1,,,160623,amrakits canyon
AC147,D.dahli,f,50,61r,,,,,,160623,amrakits canyon
AC148,D.dahli,f,57,105,3.31,,1,,,160623,amrakits canyon
AC149,D.dahli,f,58,107,3.82,,,,,160623,amrakits canyon
AC150,D.dahli,f,57,52r,,,,,,160623,amrakits canyon
AC151,D.dahli,f,53,73r,2.77,,1,,,160623,amrakits canyon
AC152,D.dahli,f,49,92,1.96,,,,,160623,amrakits canyon
AC153,D.dahli,f,64,89r,3.78,,1,,,160623,amrakits canyon
AC154,D.dahli,f,57,105,3,1,1,,,160623,amrakits canyon
AC155,D.dahli,f,61,15r,3.58,1,1,,,160623,amrakits canyon
AC156,D.dahli,f,51,105,2.86,,1,,,160623,amrakits canyon
AC157,D.dahli,f,54,94r,3,,1,,,160623,amrakits canyon
AC158,D.dahli,f,48,94r,2.13,,,,,160623,amrakits canyon
AC159,D.dahli,f,58,110,3.49,,1,,,160623,amrakits canyon
AC160,D.dahli,f,63,85r,3.81,,1,,,160623,amrakits canyon
AC161,D.dahli,f,62,50r,4,1,1,,,160623,amrakits canyon
AC162,D.dahli,f,65,94r,4.32,,1,,,160623,amrakits canyon
AC163,D.dahli,f,63,95r,3.86,,1,,,160623,amrakits canyon
AC164,D.dahli,f,67,86,4.26,1,1,,,160623,amrakits canyon
AC165,D.dahli,f,44,32r,1.54,,,,,160623,amrakits canyon
AC166,D.dahli,f,55,94,3.12,,1,,,160623,amrakits canyon
AC167,D.dahli,f,64,97,4.24,,1,,,160623,amrakits canyon
AC168,D.dahli,f,62,92,4.15,,1,,,160623,amrakits canyon
AC169,D.dahli,f,63,105,4.52,,1,,,160623,amrakits canyon
AC170,D.dahli,f,57,102,3.32,,1,,,160623,amrakits canyon
AC171,D.dahli,f,46,15r,1.53,,1,,,160623,amrakits canyon
AC172,D.dahli,f,53,74r,2.3,,,,,160623,amrakits canyon
AC173,D.dahli,f,47,23r,1.58,,,,,160623,amrakits canyon
AC174,D.dahli,f,64,101r,4.47,,1,,,160623,amrakits canyon
AC175,D.dahli,f,59,94r,3.25,,1,,,160623,amrakits canyon
AC176,D.dahli,f,48,95r,2.21,,,,,160623,amrakits canyon
AC177,D.dahli,f,61,81r,3.5,,1,,,160623,amrakits canyon
AC178,D.dahli,f,62,110,3.76,,1,,,160623,amrakits canyon
AC179,D.dahli,f,66,21r,3.73,,1,,,160623,amrakits canyon
AC180,D.dahli,f,64,91r,4,,1,,,160623,amrakits canyon
AC181,D.dahli,f,56,81r,2.66,,,,,160623,amrakits canyon
AC182,D.dahli,f,56,63r,2.71,,1,,,160623,amrakits canyon
AC183,D.dahli,f,56,95r,3.45,,1,,,160623,amrakits canyon
HR113,D.nairensis,m,59,74r,3.4,,,0,0.5,80923,hrazdan restaurant
HR114,D.nairensis,m,63,124r,4.8,,,0,0.5,80923,hrazdan restaurant
HR115,D.nairensis,m,58,128,3.5,,,0,0,80923,hrazdan restaurant
HR116,D.nairensis,f,56,85r,2.8,0,0,,,80923,hrazdan restaurant
HR117,D.unisexualis,f,66,117r,4.6,0,0,,,80923,hrazdan restaurant
HR118,D.unisexualis,f,57,95r,3.6,0,0,,,80923,hrazdan restaurant
HR119,D.nairensis,f,54,106,2.2,0,0,,,80923,hrazdan restaurant
HR120,D.unisexualis,f,55,89r,3,0,0,,,80923,hrazdan restaurant
HR121,D.unisexualis,f,57,115,4,0,0,,,80923,hrazdan restaurant
HR122,D.nairensis,f,54,100,3.7,0,0,,,80923,hrazdan restaurant
HR123,D.armeniaca,f,68,55r,5,0,0,,,80923,hrazdan restaurant
HR124,D.armeniaca,f,73,102r,5.6,0,0,,,80923,hrazdan restaurant
HR125,D.armeniaca,f,69,84r,4,0,0,,,80923,hrazdan restaurant
HR126,D.armeniaca,f,54,75r,2,0,0,,,80923,hrazdan restaurant
HR127,D.armeniaca,f,65,96r,3.8,0,0,,,80923,hrazdan restaurant
HR128,D.armeniaca,f,57,103,2.8,0,0,,,80923,hrazdan restaurant
HR129,D.armeniaca,f,57,104,4,0,0,,,80923,hrazdan restaurant
HR130,D.armeniaca,f,62,70r,3.6,0,0,,,80923,hrazdan restaurant
HR131,D.armeniaca,f,54,85r,2.8,0,0,,,80923,hrazdan restaurant
HR132,D.armeniaca,f,55,105,2,0,0,,,80923,hrazdan restaurant
HR133,D.armeniaca,f,53,105,2.6,0,0,,,80923,hrazdan restaurant
HR134,D.armeniaca,f,60,110,3,0,0,,,80923,hrazdan restaurant
HR135,D.armeniaca,f,52,100,2,0,0,,,80923,hrazdan restaurant
HR136,D.armeniaca,f,53,78r,2.2,0,0,,,80923,hrazdan restaurant
HR137,D.armeniaca,f,60,112,3,0,0,,,80923,hrazdan restaurant
HR138,D.armeniaca,f,59,30r,2,0,0,,,80923,hrazdan restaurant
HR139,D.armeniaca,f,54,100,2.2,0,0,,,80923,hrazdan restaurant
HR140,D.armeniaca,f,59,105,3,0,0,,,80923,hrazdan restaurant
HR141,D.unisexualis,f,58,12r,2.2,0,0,,,100923,hrazdan restaurant
HR142,D.unisexualis,f,54,47r,2.4,0,0,,,100923,hrazdan restaurant
HR143,D.unisexualis,f,68,138,6,0,0,,,100923,hrazdan restaurant
HR144,D.unisexualis,f,59,107r,3.6,0,0,,,100923,hrazdan restaurant
HR145,D.unisexualis,f,58,38r,3.4,0,0,,,100923,hrazdan restaurant
HR146,D.unisexualis,f,63,83r,3.6,0,0,,,100923,hrazdan restaurant
HR147,D.nairensis,m,71,146,6.6,,,0,"0,5",100923,hrazdan restaurant
HR148,D.nairensis,m,70,133,6,,,0,"0,5",100923,hrazdan restaurant
HR149,D.nairensis,m,66,101r,5,,,0,"0,5",100923,hrazdan restaurant
HR150,D.nairensis,m,67,118r,4,,,0,1,100923,hrazdan restaurant
HR151,D.nairensis,m,63,127,3,,,0,"0,5",100923,hrazdan restaurant
HR152,D.nairensis,m,59,128,3.6,,,0,"0,5",100923,hrazdan restaurant
HR153,D.nairensis,m,61,41r,3.4,,,0,"0,5",100923,hrazdan restaurant
HR154,D.nairensis,f,68,101r,4.6,0,0,,,100923,hrazdan restaurant
HR155,D.nairensis,m,61,124,3.6,,,0,"0,5",100923,hrazdan restaurant
HR156,D.nairensis,m,63,137,4.4,,,0,"0,5",100923,hrazdan restaurant
HR157,D.nairensis,m,58,124,4,,,0,"0,5",100923,hrazdan restaurant
HR158,D.nairensis,m,59,120,4.4,,,0,0,100923,hrazdan restaurant
HR159,D.nairensis,m,61,132,5.2,,,0,"0,5",100923,hrazdan restaurant
HR160,D.nairensis,m,57,112,3.4,,,0,0,100923,hrazdan restaurant
HR161,D.nairensis,f,59,117,2.8,0,0,,,100923,hrazdan restaurant
HR162,D.nairensis,f,57,48r,2.2,0,0,,,100923,hrazdan restaurant
HR163,D.nairensis,m,57,97r,3.2,,,,,100923,hrazdan restaurant
HR164,D.nairensis,f,51,77r,2.4,0,0,,,100923,hrazdan restaurant
HR165,D.nairensis,f,64,96r,4.6,0,0,,,100923,hrazdan restaurant
HR166,D.nairensis,f,72,97r,4.2,0,0,,,100923,hrazdan restaurant
HR167,D.nairensis,f,64,89r,3.4,0,0,,,100923,hrazdan restaurant
HR168,D.nairensis,f,63,80r,4.2,0,0,,,100923,hrazdan restaurant
HR169,D.nairensis,f,68,72r,3.6,0,0,,,100923,hrazdan restaurant
HR170,D.nairensis,f,53,107,2.4,0,0,,,100923,hrazdan restaurant
HR171,D.unisexualis,f,67,126,4.6,0,0,,,110923,hrazdan restaurant
HR172,D.unisexualis,f,56,98r,3,0,0,,,110923,hrazdan restaurant
HR173,D.unisexualis,f,74,26r,5,0,0,,,110923,hrazdan restaurant
HR174,D.unisexualis,f,51,114,3.8,0,0,,,110923,hrazdan restaurant
HR175,D.unisexualis,f,56,82r,2,0,0,,,110923,hrazdan restaurant
HR176,D.nairensis,f,68,93r,3.6,0,0,,,110923,hrazdan restaurant
HR177,D.nairensis,m,67,108r,5.4,,,0,"0,5",110923,hrazdan restaurant
HR178,D.nairensis,m,59,110,3,,,0,"0,5",110923,hrazdan restaurant
HR179,D.nairensis,f,66,74r,3.4,0,0,,,110923,hrazdan restaurant
HR180,D.nairensis,f,58,83r,3.4,0,0,,,110923,hrazdan restaurant
HR181,D.nairensis,f,55,102r,2.4,0,0,,,110923,hrazdan restaurant
HR182,D.nairensis,f,53,90r,2.4,0,0,,,110923,hrazdan restaurant
HR183,D.nairensis,f,55,10r,1.8,0,0,,,110923,hrazdan restaurant
HR184,D.nairensis,f,52,12r,2,0,0,,,110923,hrazdan restaurant
HR185,D.nairensis,f,58,114,3,0,0,,,110923,hrazdan restaurant
AC184,D.portschinskii,f,58,72r,3,0,0,,,130923,amrakits canyon
AC185,D.portschinskii,m,57,110,3.8,,,0,1,130923,amrakits canyon
AC186,D.portschinskii,f,58,67r,2.8,1,0,,,130923,amrakits canyon
AC187,D.portschinskii,f,52,105,2.2,0,0,,,130923,amrakits canyon
AC188,D.portschinskii,m,52,121,2.6,,,0,"0,5",130923,amrakits canyon
AC189,D.portschinskii,f,65,116,4,1,0,,,130923,amrakits canyon
AC190,D.portschinskii,f,53,65r,2.2,0,0,,,130923,amrakits canyon
AC191,D.portschinskii,m,42,69r,1.2,,,0,"0,5",130923,amrakits canyon
AC192,DportXDdah,f,68,103r,5,0,0,,,130923,amrakits canyon
AC193,D.dahli,f,57,112,2.2,0,0,,,130923,amrakits canyon
AC194,D.dahli,f,60,69r,3,0,0,,,130923,amrakits canyon
AC195,D.dahli,f,63,107r,3.4,0,0,,,130923,amrakits canyon
AC196,D.dahli,f,59,17r,3.4,0,0,,,130923,amrakits canyon
AC197,D.dahli,f,64,85r,3,0,0,,,130923,amrakits canyon
AC198,D.dahli,f,52,41r,2,0,0,,,130923,amrakits canyon
AC199,D.dahli,f,66,108r,3.8,0,0,,,130923,amrakits canyon
AC200,D.dahli,f,54,15r,2.2,0,0,,,130923,amrakits canyon
AC201,D.dahli,f,60,57r,3,0,0,,,130923,amrakits canyon
AC202,D.portschinskii,m,60,103r,4,,,0,1,140923,amrakits canyon
AC203,D.portschinskii,m,62,89r,5.2,,,0,1,140923,amrakits canyon
AC204,D.portschinskii,m,58,115r,4.4,,,0,"0,5",140923,amrakits canyon
AC205,D.portschinskii,m,63,103r,4,,,0,1,140923,amrakits canyon
AC206,D.portschinskii,m,62,87r,3.8,,,0,"0,5",140923,amrakits canyon
AC207,D.portschinskii,m,65,88r,4.4,,,0,1,140923,amrakits canyon
AC208,D.portschinskii,m,64,82r,4.2,,,0,"0,5",140923,amrakits canyon
AC209,D.portschinskii,m,61,136,3.8,,,0,1,140923,amrakits canyon
AC210,D.portschinskii,m,60,103r,4,,,0,1,140923,amrakits canyon
AC211,D.portschinskii,m,59,94r,3.6,,,0,1,140923,amrakits canyon
AC212,D.portschinskii,m,60,117r,4,,,0,1,140923,amrakits canyon
AC213,D.portschinskii,m,62,93r,4.2,,,0,1,140923,amrakits canyon
AC214,D.portschinskii,m,54,17r,3.4,,,0,"0,5",140923,amrakits canyon
AC215,D.portschinskii,m,59,117r,4,,,0,1,140923,amrakits canyon
AC216,D.portschinskii,m,51,110,2.4,,,0,"0,5",140923,amrakits canyon
AC217,D.portschinskii,m,50,67r,2.2,,,0,"0,5",140923,amrakits canyon
AC218,D.portschinskii,f,56,87r,2.2,0,0,,,140923,amrakits canyon
AC219,D.portschinskii,f,63,73r,3.4,0,0,,,140923,amrakits canyon
AC220,D.portschinskii,f,58,68r,3,0,0,,,140923,amrakits canyon
AC221,D.portschinskii,f,61,34r,2.4,0,0,,,140923,amrakits canyon
AC222,D.portschinskii,f,58,72r,2.8,0,0,,,140923,amrakits canyon
AC223,D.portschinskii,f,62,85r,4,0,0,,,140923,amrakits canyon
AC224,D.portschinskii,f,52,28r,1.6,0,0,,,140923,amrakits canyon
AC225,D.portschinskii,f,54,73r,2.6,0,0,,,140923,amrakits canyon
AC226,D.portschinskii,f,59,70r,2.8,0,0,,,140923,amrakits canyon
AC227,D.portschinskii,f,58,82r,2.4,0,0,,,140923,amrakits canyon
AC228,D.portschinskii,f,52,104r,2,0,0,,,140923,amrakits canyon
AC229,D.portschinskii,f,63,87r,3.4,0,0,,,140923,amrakits canyon
AC230,D.portschinskii,f,49,64r,,0,0,,,140923,amrakits canyon
AC231,D.portschinskii,f,49,42r,,0,0,,,140923,amrakits canyon
AC232,D.portschinskii,f,45,86,,0,0,,,140923,amrakits canyon
AC233,D.portschinskii,f,51,90,,0,0,,,140923,amrakits canyon
AC234,D.portschinskii,f,55,94r,2.2,0,0,,,140923,amrakits canyon
AC235,D.dahli,f,64,112r,3.8,1,0,,,140923,amrakits canyon
AC236,D.dahli,f,62,107r,2.8,0,0,,,140923,amrakits canyon
AC237,D.dahli,f,63,89r,3.2,0,0,,,140923,amrakits canyon
AC238,D.dahli,f,69,97r,4,0,0,,,140923,amrakits canyon
AC239,D.dahli,f,61,103r,5,1,0,,,140923,amrakits canyon
AC240,D.dahli,f,64,84r,3.6,1,0,,,140923,amrakits canyon
AC241,D.dahli,f,62,58r,3.1,1,0,,,140923,amrakits canyon
AC242,D.dahli,f,64,73r,3.2,0,0,,,140923,amrakits canyon
AC243,D.dahli,f,59,110,3.4,0,0,,,140923,amrakits canyon
AC244,DportXDdah,f,70,18r,3.8,0,0,,,150923,amrakits canyon
AC245,D.portschinskii,m,62,38r,4.2,,,0,1,150923,amrakits canyon
AC246,D.portschinskii,m,63,48r,3.8,,,0,1,150923,amrakits canyon
AC247,D.portschinskii,m,62,64r,4.8,,,0,1,150923,amrakits canyon
AC248,D.armeniaca,f,63,73r,4,0,0,,,150923,amrakits canyon
AC249,D.armeniaca,f,72,99r,5.2,0,0,,,150923,amrakits canyon
AC250,DportXDdah,f,66,115r,5,0,0,,,150923,amrakits canyon
AC251,DportXDdah,f,47,106,1.6,0,0,,,150923,amrakits canyon
AC252,D.armeniaca,f,59,77r,2,0,0,,,150923,amrakits canyon
AC253,D.armeniaca,f,70,115r,5.6,0,0,,,150923,amrakits canyon
AC254,D.armeniaca,f,66,30r,5,0,0,,,150923,amrakits canyon
AC255,D.armeniaca,f,62,98r,4,0,0,,,150923,amrakits canyon
AC256,D.armeniaca,f,57,107,3.4,0,0,,,150923,amrakits canyon
AC257,D.armeniaca,f,64,53r,3.6,0,0,,,150923,amrakits canyon
AC258,D.armeniaca,f,63,109,3.8,0,0,,,150923,amrakits canyon
AC259,D.armeniaca,f,61,50r,4.6,0,0,,,150923,amrakits canyon
AC260,D.armeniaca,f,67,78r,3.6,0,0,,,150923,amrakits canyon
ash340,D.valentini,m,61,98r,4.48,,,0,"0,5",180923,sepasar river
SR7,D.valentini,m,64,88r,4.3,,,0,"0,5",180923,sepasar river
SR8,D.valentini,m,62,71r,4.28,,,0,"0,5",180923,sepasar river
SR9,D.armeniaca,f,63,88r,4.48,0,0,,,180923,sepasar river
SR10,D.armeniaca,f,62,98r,4.25,0,0,,,180923,sepasar river
SR11,D.armeniaca,f,59,110r,4.07,0,0,,,180923,sepasar river
SR12,D.armeniaca,f,54,65r,2.93,0,0,,,180923,sepasar river
SR13,D.armeniaca,f,57,89r,3.19,0,0,,,180923,sepasar river
SR14,D.armeniaca,f,59,60r,3.7,0,0,,,180923,sepasar river
SR15,D.armeniaca,f,63,78r,4.4,0,0,,,180923,sepasar river
SR16,D.armeniaca,f,67,28r,4.66,0,0,,,180923,sepasar river
SR17,D.valentini,f,58,83r,3.58,0,0,,,180923,sepasar river
SR18,D.armeniaca,f,54,81r,2.93,0,0,,,180923,sepasar river
SR19,D.armeniaca,f,61,103r,4.24,0,0,,,180923,sepasar river
SR20,D.armeniaca,f,57,93r,3.05,0,0,,,180923,sepasar river
SR21,D.valentini,f,62,106,4.41,0,0,,,190923,sepasar river
SR22,D.valentini,f,60,52r,3.68,0,0,,,190923,sepasar river
SR23,D.armeniaca,f,59,104,3.42,0,0,,,190923,sepasar river
SR24,D.armeniaca,f,57,43r,3.22,0,0,,,190923,sepasar river
AC1,D.dahli,f,62,,2.65,0,,,,250423,amrakits canyon
AC2,D.dahli,f,64,,3.71,0,,,,250423,amrakits canyon
AC3,D.dahli,f,62,,2.67,0,,,,250423,amrakits canyon
AC4,D.dahli,f,54,,2.2,0,,,,250423,amrakits canyon
AC5,D.dahli,f,55,,2.28,0,,,,250423,amrakits canyon
AC6,D.dahli,f,49,,1.43,0,,,,250423,amrakits canyon
AC7,D.dahli,f,47,,1.46,0,,,,250423,amrakits canyon
AC8,D.dahli,f,57,,2.2,0,,,,250423,amrakits canyon
AC9,D.dahli,f,56,,2.12,0,,,,250423,amrakits canyon
AC10,D.dahli,f,63,,2.99,0,,,,250423,amrakits canyon
AC11,D.dahli,f,63,,3,0,,,,250423,amrakits canyon
AC12,D.armeniaca,f,70,,4.86,0,,,,250423,amrakits canyon
AC13,D.armeniaca,f,71,,4.48,0,,,,250423,amrakits canyon
AC14,D.armeniaca,f,68,,4.2,0,,,,250423,amrakits canyon
AC15,D.armeniaca,f,69,,5.04,0,,,,250423,amrakits canyon
AC16,D.dahli,f,59,,3.07,0,,,,250423,amrakits canyon
AC17,D.dahli,f,66,,3.14,0,,,,250423,amrakits canyon
AC18,D.dahli,f,,,,0,,,,250423,amrakits canyon
AC19,D.dahli,f,62,,3.08,0,,,,250423,amrakits canyon
AC20,D.portschinskii,m,64,,5.33,-,,,,250423,amrakits canyon
AC21,D.portschinskii,m,58,,4.25,-,,,,250423,amrakits canyon
AC22,D.portschinskii,m,63,,4.36,-,,,,250423,amrakits canyon
AC23,D.portschinskii,f,53,,2,0,,,,250423,amrakits canyon
HR1,D.unisexualis,f,68,,5.67,0,,,,120523,hrazdan restaurant
HR2,D.unisexualis,f,66,,4.43,0,,,,120523,hrazdan restaurant
HR3,D.unisexualis,f,66,,4.51,0,,,,120523,hrazdan restaurant
HR4,D.unisexualis,f,58,,3.66,5,,,,120523,hrazdan restaurant
HR5,D.unisexualis,f,72,,5.18,1,,,,120523,hrazdan restaurant
HR6,D.unisexualis,f,56,,3.2,1,,,,120523,hrazdan restaurant
HR7,D.unisexualis,f,74,,5.98,0,,,,120523,hrazdan restaurant
HR8,D.unisexualis,f,65,,4.08,0,,,,120523,hrazdan restaurant
HR9,D.unisexualis,f,71,,5.8,0,,,,120523,hrazdan restaurant
HR10,D.unisexualis,f,62,,3.81,0,,,,120523,hrazdan restaurant
HR11,D.nairensis,m,69,,5.83,-,,,,120523,hrazdan restaurant
HR12,D.nairensis,m,69,,5.74,-,,,,120523,hrazdan restaurant
HR13,D.nairensis,m,68,,6.04,-,,,,120523,hrazdan restaurant
HR14,D.nairensis,m,71,,5.18,-,,,,120523,hrazdan restaurant
HR15,D.nairensis,m,64,,5.47,-,,,,120523,hrazdan restaurant
HR16,D.nairensis,m,68,,6.38,-,,,,120523,hrazdan restaurant
HR17,D.nairensis,m,68,,5.9,-,,,,120523,hrazdan restaurant
HR18,D.nairensis,m,67,,5.42,-,,,,120523,hrazdan restaurant
HR19,D.nairensis,m,72,,5.99,-,,,,120523,hrazdan restaurant
HR20,D.nairensis,f,68,,4.95,0,,,,120523,hrazdan restaurant
HR21,D.nairensis,f,67,,4.67,0,,,,120523,hrazdan restaurant
HR22,D.nairensis,f,73,,5.72,1,,,,120523,hrazdan restaurant
HR23,D.nairensis,f,66,,4.29,1,,,,120523,hrazdan restaurant
HR24,D.nairensis,f,67,,3.97,2,,,,120523,hrazdan restaurant
HR25,D.nairensis,f,61,,4.04,2,,,,120523,hrazdan restaurant
HR26,D.nairensis,f,66,,4.05,0,,,,120523,hrazdan restaurant
HR27,D.nairensis,f,58,,2.97,0,,,,120523,hrazdan restaurant
HR28,D.nairensis,m,60,,3.66,-,,,,120523,hrazdan restaurant
HR29,D.nairensis,m,60,,3.24,-,,,,120523,hrazdan restaurant
HR30,D.nairensis,f,58,,2.79,0,,,,120523,hrazdan restaurant
SH.nn1,D.valentini,f,74,121r,6.85,1,,,,230523,sepasar hill
SH.nn2,D.valentini,f,74,,6.73,,,,,230523,sepasar hill
sh.nn3,D.valentini,f,71,100r,5.75,,,,,230523,sepasar hill
mar.nn1,D.nairensis,f,65,67r,3.55,,,,,,
SH1.22,D.valentini,f,64,113,"4,92",,,,,110722,sepasar hill
SH2.22,D.valentini,m,68,94,"6,48",,,,,110722,sepasar hill
SH3.22,D.valentini,f,65,88,"4,3",,,,,110722,sepasar hill
SH4.22,D.valentini,f,61,62,"3,66",,,,,110722,sepasar hill
SH5.22,D.valentini,m,67,127,"6,29",,,,,110722,sepasar hill
SH6.22,D.valentini,f,62,77,"3,78",,,,,110722,sepasar hill
SH7.22,D.valentini,m,59,68,"4,41",,,,,110722,sepasar hill
SH8.22,D.valentini,m,68,126,"6,93",,,,,110722,sepasar hill
SH9.22,D.valentini,f,59,108,4,,,,,110722,sepasar hill
SH10.22,D.valentini,f,58,104,"4,09",,,,,110722,sepasar hill
SH11.22,D.valentini,f,55,102,"3,3",,,,,110722,sepasar hill
SH12.22,D.valentini,f,73,115,"6,49",,,,,110722,sepasar hill
SH13.22,D.valentini,m,68,135,"7,1",,,,,110722,sepasar hill
SH14.22,D.valentini,f,69,15,"4,54",,,,,110722,sepasar hill
SH15.22,D.valentini,f,65,109,"4,62",,,,,110722,sepasar hill
SH16.22,D.valentini,f,64,78,"4,55",,,,,110722,sepasar hill
SH17.22,D.valentini,f,65,110,"4,24",,,,,110722,sepasar hill
SH18.22,D.valentini,f,60,61,"3,71",,,,,110722,sepasar hill
SH19.22,D.valentini,m,67,83,"5,86",,,,,110722,sepasar hill
SH20.22,D.valentini,m,53,83,"2,88",,,,,110722,sepasar hill
SH21.22,D.valentini,f,62,96,"3,96",,,,,110722,sepasar hill
SH22.22,D.valentini,m,63,,"4,9",,,,,110722,sepasar hill
SH23.22,D.valentini,f,58,28,"3,11",,,,,110722,sepasar hill
SH24.22,D.valentini,f,70,91,"5,8",,,,,110722,sepasar hill
SH27.22,D.valentini,m,66,129,6,,,,,110822,sepasar hill
SH28.22,D.valentini,m,59,79,"3,7",,,,,80822,sepasar hill
SH29.22,D.valentini,f,63,102,"3,8",,,,,310722,sepasar hill
SH30.22,D.valentini,f,64,92,"3,67",,,,,100822,sepasar hill
SH31.22,D.valentini,m,66,54,"6,09",,,,,190722,sepasar hill
SH32.22,D.valentini,f,64,105,"4,9",,,,,150722,sepasar hill
SH33.22,D.valentini,f,60,105,"4,26",,,,,120722,sepasar hill
SH34.22,D.valentini,m,65,76,"5,35",,,,,70822,sepasar hill
SH35.22,D.valentini,f,70,91,"5,08",,,,,240722,sepasar hill
SH36.22,D.valentini,n,65,130,"5,87",,,,,250722,sepasar hill
SH37.22,D.valentini,f,75,133,"6,65",,,,,180722,sepasar hill
SH38.22,D.valentini,m,64,115,"5,81",,,,,280722,sepasar hill