id,sp,sex,date,RBC,hcRBC,lysRBC,paras,sum,prop,timepoint
AC100,D.dahli,f,ddmmyy,1703,28,102,236,2069,0.11406476558724,mmyy
AC102,D.dahli,f,ddmmyy,227,78,32,50,387,0.129198966408269,mmyy
AC103,D.dahli,f,ddmmyy,1034,59,120,14,1227,0.0114099429502852,mmyy
AC104,D.dahli,f,ddmmyy,1411,38,34,111,1594,0.0696361355081556,mmyy
AC111,D.portschinskii,m,ddmmyy,326,62,6,51,445,0.114606741573034,mmyy
AC115,D.portschinskii,m,ddmmyy,598,9,602,7,1216,0.00575657894736842,mmyy
AC118,D.portschinskii,f,ddmmyy,1307,9,20,0,1336,0,mmyy
AC119,D.portschinskii,f,ddmmyy,1926,14,8,4,1952,0.00204918032786885,mmyy
AC120,D.portschinskii,f,ddmmyy,1946,9,10,24,1989,0.0120663650075415,mmyy
AC121,D.portschinskii,f,ddmmyy,164,122,29,11,326,0.0337423312883436,mmyy
AC124,D.portschinskii,f,ddmmyy,1281,42,63,92,1478,0.0622462787550744,mmyy
AC125,D.portschinskii,f,ddmmyy,2811,14,27,67,2919,0.0229530661185337,mmyy
AC12,sp,sex,ddmmyy,1261,37,22,3,1323,0.00226757369614512,mmyy
AC132,DportXDdah,f,ddmmyy,292,3,120,10,425,0.0235294117647059,mmyy
AC133,DportXDdah,f,ddmmyy,1037,6,7,5,1055,0.004739336492891,mmyy
AC136,D.armeniaca,f,ddmmyy,855,10,145,134,1144,0.117132867132867,mmyy
AC137,D.armeniaca,f,ddmmyy,2943,22,17,421,3403,0.123714369673817,mmyy
AC138,D.armeniaca,f,ddmmyy,2562,40,14,133,2749,0.0483812295380138,mmyy
AC13,sp,sex,ddmmyy,849,97,60,21,1027,0.0204479065238559,mmyy
AC140,D.armeniaca,f,ddmmyy,2060,18,62,1,2141,0.000467071461933676,mmyy
AC141,D.armeniaca,f,ddmmyy,2032,273,4,1,2310,0.000432900432900433,mmyy
AC142,D.armeniaca,f,ddmmyy,1186,7,26,90,1309,0.0687547746371276,mmyy
AC143,D.armeniaca,f,ddmmyy,1269,3,26,2,1300,0.00153846153846154,mmyy
AC144,D.dahli,f,ddmmyy,1435,66,36,127,1664,0.0763221153846154,mmyy
AC14,sp,sex,ddmmyy,1537,63,16,20,1636,0.0122249388753056,mmyy
AC15,sp,sex,ddmmyy,3576,99,119,102,3896,0.0261806981519507,mmyy
AC16,sp,sex,ddmmyy,953,182,26,3,1164,0.00257731958762887,mmyy
AC186,D.portschinskii,f,130923,1785,103,14,13,1915,0.00678851174934726,0923
AC18,sp,sex,ddmmyy,1467,255,22,33,1777,0.0185706246482836,mmyy
AC195,D.dahli,f,130923,170,13,30,6,219,0.0273972602739726,0923
AC199,D.dahli,f,130923,2708,110,115,75,3008,0.0249335106382979,0923
AC19,sp,sex,ddmmyy,1893,47,19,14,1973,0.00709579320831222,mmyy
AC1,sp,sex,ddmmyy,3610,367,47,226,4250,0.0531764705882353,mmyy
AC200,D.dahli,f,130923,1945,134,39,64,2182,0.0293308890925756,0923
AC202,D.portschinskii,m,140923,1056,152,25,48,1281,0.0374707259953162,0923
AC204,D.portschinskii,m,140923,3977,92,17,129,4215,0.0306049822064057,0923
AC206,D.portschinskii,m,140923,1998,72,27,4,2101,0.00190385530699667,0923
AC207,D.portschinskii,m,140923,1113,95,12,40,1260,0.0317460317460317,0923
AC209,D.portschinskii,m,140923,2281,216,38,139,2674,0.0519820493642483,0923
AC20,sp,sex,ddmmyy,1679,32,46,7,1764,0.00396825396825397,mmyy
AC210,D.portschinskii,m,140923,3688,409,8,17,4122,0.00412421154779233,0923
AC211,D.portschinskii,m,140923,2437,271,12,54,2774,0.0194664744051911,0923
AC220,D.portschinskii,f,140923,6358,351,5,34,6748,0.0050385299347955,0923
AC221,D.portschinskii,f,14092,1186,326,6,16,1534,0.0104302477183833,92
AC222,D.portschinskii,f,140923,4252,74,10,9,4345,0.00207134637514384,0923
AC223,D.portschinskii,f,140923,5215,219,2,47,5483,0.00857194966259347,0923
AC225,D.portschinskii,f,140923,1313,21,20,1,1355,0.000738007380073801,0923
AC227,D.portschinskii,f,140923,2745,148,11,15,2919,0.00513874614594039,0923
AC229,D.portschinskii,f,140923,3124,101,4,2,3231,0.000619003404518725,0923
AC235,D.dahli,f,140923,4658,348,11,30,5047,0.0059441252229047,0923
AC237,D.dahli,f,140923,3211,282,2,32,3527,0.00907286645874681,0923
AC238,D.dahli,f,140923,2627,154,7,225,3013,0.0746764022568868,0923
AC239,D.dahli,f,140923,2771,163,15,50,2999,0.0166722240746916,0923
AC240,D.dahli,f,140923,2179,84,415,2,2680,0.000746268656716418,0923
AC241,D.dahli,f,140923,4448,88,9,31,4576,0.00677447552447552,0923
AC244,DportXDdah,150923,NA,4337,50,7,28,4422,0.00633197648123021,NA
AC245,D.portschinskii,m,150923,935,48,39,30,1052,0.0285171102661597,0923
AC246,D.portschinskii,m,150923,1063,82,53,2,1200,0.00166666666666667,0923
AC247,D.portschinskii,m,150923,1597,39,11,24,1671,0.0143626570915619,0923
AC248,D.armeniaca,f,150923,2653,30,19,594,3296,0.180218446601942,0923
AC249,D.armeniaca,f,150923,688,16,30,37,771,0.0479896238651102,0923
AC24,D.armeniaca,f,280523,960,131,51,6,1148,0.00522648083623693,0523
AC250,DportXDdah,f,150923,3843,196,16,5,4060,0.00123152709359606,0923
AC251,DportXDdah,f,150923,3664,77,22,41,3804,0.0107781282860147,0923
AC253,D.armeniaca,f,150923,2995,257,125,46,3423,0.0134385042360502,0923
AC255,D.armeniaca,f,190923,1850,235,4,2,2091,0.000956480153036825,0923
AC256,D.armeniaca,f,150923,3453,183,6,58,3700,0.0156756756756757,0923
AC257,D.armeniaca,f,150923,901,252,9,158,1320,0.11969696969697,0923
AC258,D.armeniaca,f,150923,3129,218,17,46,3410,0.0134897360703812,0923
AC259,D.armeniaca,f,150923,1568,185,26,5,1784,0.00280269058295964,0923
AC25,D.armeniaca,f,280523,3875,235,6,106,4222,0.025106584557082,0523
AC260,D.armeniaca,f,150923,744,86,45,10,885,0.0112994350282486,0923
AC26,D.dahli,f,280523,2825,499,10,217,3551,0.0611095466065897,0523
AC27,D.portschinskii,m,280523,3692,81,39,75,3887,0.0192950861847183,0523
AC29,D.dahli,f,280523,830,195,57,19,1101,0.0172570390554042,0523
AC2,sp,sex,ddmmyy,1513,58,11,22,1604,0.013715710723192,mmyy
AC30,D.dahli,f,280523,1468,222,4,75,1769,0.0423968343697004,0523
AC31,D.armeniaca,f,280523,1511,334,18,64,1927,0.0332122470160872,0523
AC32,D.dahli,f,280523,3184,307,616,345,4452,0.0774932614555256,0523
AC34,D.dahli,f,dd0523,1332,73,17,231,1653,0.139745916515427,0523
AC35,D.dahli,f,ddmmyy,2831,564,20,1,3416,0.000292740046838407,mmyy
AC36,D.armeniaca,f,ddmmyy,3715,171,8,22,3916,0.00561797752808989,mmyy
AC37,D.dahli,f,ddmmyy,1264,102,19,21,1406,0.0149359886201991,mmyy
AC38,D.dahli,f,ddmmyy,757,148,6,9,920,0.00978260869565217,mmyy
AC3,sp,sex,ddmmyy,468,28,26,39,561,0.0695187165775401,mmyy
AC40,D.dahli,f,ddmmyy,3021,295,78,87,3481,0.0249928181557024,mmyy
AC41,D.dahli,f,dd0523,2139,39,6,27,2211,0.0122116689280868,0523
AC42,D.dahli,f,ddmmyy,1963,245,36,6,2250,0.00266666666666667,mmyy
AC43,D.dahli,f,dd0523,3424,330,15,91,3860,0.0235751295336788,0523
AC44,D.dahli,f,ddmmyy,3854,251,15,45,4165,0.0108043217286915,mmyy
AC46,D.dahli,f,ddmmyy,1249,210,23,57,1539,0.037037037037037,mmyy
AC47,D.dahli,f,dd0523,2199,333,11,2,2545,0.000785854616895874,0523
AC48,D.dahli,f,dd0543,2391,113,23,1,2528,0.000395569620253165,543
AC4,sp,sex,ddmmyy,1817,224,70,1,2112,0.000473484848484848,mmyy
AC50,D.portschinskii,m,ddmmyy,3581,23,5,8,3617,0.00221177771633951,mmyy
AC51,D.portschinskii,m,ddmmyy,1325,315,12,37,1689,0.0219064535227946,mmyy
AC52,D.portschinskii,m,ddmmyy,2629,50,12,16,2707,0.00591060214259328,mmyy
AC53,D.portschinskii,m,dd0523,1873,40,11,8,1932,0.0041407867494824,0523
AC55,D.portschinskii,f,dd0523,1350,157,7,11,1525,0.00721311475409836,0523
AC56,D.armeniaca,f,dd0523,1473,23,21,9,1526,0.00589777195281782,0523
AC57,D.armeniaca,f,dd0523,865,116,40,132,1153,0.11448395490026,0523
AC58,D.armeniaca,f,dd0523,1179,75,40,4,1298,0.00308166409861325,0523
AC59,D.armeniaca,f,ddmmyy,1750,51,18,338,2157,0.156699119146963,mmyy
AC5,sp,sex,ddmmyy,1600,148,7,0,1755,0,mmyy
AC60,D.armeniaca,f,dd0523,2998,206,42,202,3448,0.058584686774942,0523
AC61,D.armeniaca,f,dd0623,1494,39,20,86,1639,0.0524710189139719,0623
AC62,D.armeniaca,f,ddmmyy,2188,86,18,8,2300,0.00347826086956522,mmyy
AC63,D.armeniaca,f,ddmmyy,2030,321,46,0,2397,0,mmyy
AC64,D.armeniaca,f,dd0523,1690,67,6,20,1783,0.0112170499158721,0523
AC65,D.armeniaca,f,dd0623,4216,133,48,9,4406,0.00204266908760781,0623
AC66,D.armeniaca,f,dd0623,2877,214,47,156,3294,0.0473588342440801,0623
AC67,D.armeniaca,f,dd0623,2055,141,4,31,2231,0.0138951142985208,0623
AC6,sp,sex,ddmmyy,1287,178,15,19,1499,0.0126751167444963,mmyy
AC70,D.portschinskii,f,ddmmyy,2592,246,27,30,2895,0.0103626943005181,mmyy
AC71,D.armeniaca,f,ddmmyy,1794,216,44,1,2055,0.00048661800486618,mmyy
AC72,D.portschinskii,m,ddmmyy,4385,114,18,107,4624,0.0231401384083045,mmyy
AC73,D.portschinskii,m,ddmmyy,3541,166,23,14,3744,0.00373931623931624,mmyy
AC74,D.portschinskii,f,dd0523,709,43,45,40,837,0.0477897252090801,0523
AC75,D.portschinskii,f,ddmmyy,1463,3,63,11,1540,0.00714285714285714,mmyy
AC76,D.portschinskii,f,ddmmyy,1114,23,3,11,1151,0.00955690703735882,mmyy
AC79,D.portschinskii,f,ddmmyy,3002,115,2,8,3127,0.00255836264790534,mmyy
AC7,sp,sex,ddmmyy,550,186,11,200,947,0.211193241816262,mmyy
AC82,D.portschinskii,m,ddmmyy,2239,3,5,6,2253,0.00266311584553928,mmyy
AC84,D.portschinskii,f,ddmmyy,1308,20,4,4,1336,0.0029940119760479,mmyy
AC85,D.portschinskii,m,ddmmyy,1820,14,13,83,1930,0.0430051813471503,mmyy
AC86,D.portschinskii,m,ddmmyy,1442,23,40,23,1528,0.0150523560209424,mmyy
AC87,D.portschinskii,m,ddmmyy,2093,27,28,7,2155,0.00324825986078886,mmyy
AC88,D.portschinskii,m,ddmmyy,340,80,111,4,535,0.00747663551401869,mmyy
AC89,D.portschinskii,f,ddmmyy,1550,40,15,43,1648,0.0260922330097087,mmyy
AC8,sp,sex,ddmmyy,1644,100,21,0,1765,0,mmyy
AC91,D.armeniaca,f,ddmmyy,1510,31,32,67,1640,0.0408536585365854,mmyy
AC92,D.armeniaca,f,ddmmyy,609,13,181,139,942,0.14755838641189,mmyy
AC93,D.armeniaca,f,ddmmyy,2711,70,38,2,2821,0.000708968450903935,mmyy
AC94,D.armeniaca,f,ddmmyy,1421,17,85,266,1789,0.148686416992733,mmyy
AC95,D.armeniaca,f,ddmmyy,1020,34,59,106,1219,0.0869565217391304,mmyy
AC97,D.armeniaca,f,ddmmyy,1686,9,9,52,1756,0.0296127562642369,mmyy
AC98,D.dahli,f,ddmmyy,1207,92,9,417,1725,0.241739130434783,mmyy
AC99,D.dahli,f,ddmmyy,693,77,33,19,822,0.0231143552311436,mmyy
ACN1341,D.portschinskii,f,dd0523,1258,57,51,1,1367,0.000731528895391368,0523
ACN1342,D.portschinskii,f,dd0523,3362,161,11,7,3541,0.00197684269980232,0523
ACN1343,D.portschinskii,f,dd0523,2425,61,3,6,2495,0.00240480961923848,0523
ACN1354,D.portschinskii,f,dd0523,1736,62,18,8,1824,0.0043859649122807,0523
ACN2344,D.portschinskii,m,ddmmyy,2341,54,10,32,2437,0.0131308986458761,mmyy
ACN3002,D.portschinskii,f,ddmmyy,1350,60,37,0,1447,0,mmyy
ACN5013,D.portschinskii,m,ddmmyy,1989,80,18,38,2125,0.0178823529411765,mmyy
ACN5014,D.dahli,f,ddmmyy,1195,94,6,7,1302,0.00537634408602151,mmyy
ACN5015,D.dahli,f,ddmmyy,1415,43,17,71,1546,0.0459249676584735,mmyy
ACN5021,D.dahli,f,ddmmyy,1098,19,12,96,1225,0.0783673469387755,mmyy
ACN5022,D.dahli,f,ddmmyy,3975,83,27,198,4283,0.0462292785430773,mmyy
ACN5023,D.dahli,f,ddmmyy,692,33,31,14,770,0.0181818181818182,mmyy
ACN5024,D.dahli,f,ddmmyy,656,136,14,12,818,0.0146699266503667,mmyy
ACN5520,D.dahli,f,ddmmyy,231,5,4,8,248,0.032258064516129,mmyy
SH2,D.valentini,f,260522,1281,39,32,2,1354,0.00147710487444609,0522
ASH1000,D.valentini,f,dd0623,1786,280,16,2,2084,0.000959692898272553,0623
ASH1005,D.valentini,m,80722,5371,141,35,9,5556,0.00161987041036717,0722
ASH1005,D.valentini,m,dd0623,569,106,15,0,690,0,0623
ASH100,D.valentini,m,100722,3047,40,6,15,3108,0.00482625482625483,0722
ASH1011,D.valentini,m,70722,1561,32,6,4,1603,0.00249532127261385,0722
ASH1020,D.valentini,m,240523,3182,40,37,5,3264,0.00153186274509804,0523
ASH103,D.armeniaca,f,dd0623,2136,9,14,2,2161,0.000925497454881999,0623
ASH104,D.armeniaca,f,260522,2699,22,1,4,2726,0.00146735143066764,0522
ASH10,D.valentini,m,90722,2931,40,5,1,2977,0.000335908632851864,0722
ASH10,D.valentini,m,240523,3870,120,2,1,3993,0.000250438266967193,0523
ASH113,D.armeniaca,f,260522,1202,32,41,2,1277,0.00156617071260767,0522
ASH115,D.armeniaca,f,260522,3823,190,0,1,4014,0.000249128051818635,0522
ASH125,D.valentini,m,240523,3128,134,18,3,3283,0.000913798355162961,0523
ASH125,D.valentini,m,dd0623,2605,45,14,10,2674,0.0037397157816006,0623
ASH131+400,D.valentini,m,250523,5232,158,2,1,5393,0.000185425551641016,0523
ASH1311,D.armeniaca,f,240523,1240,9,2,3,1254,0.00239234449760766,0523
ASH131,D.valentini,m,100722,2005,2,3,0,2010,0,0722
ASH133,D.valentini,m,70722,2678,37,12,6,2733,0.0021953896816685,0722
ASH135,D.armeniaca,f,70722,3406,17,0,2,3425,0.000583941605839416,0722
ASH135,D.armeniaca,f,270522,26,10,4,0,40,0,0522
ASH13,D.valentini,m,70722,2502,25,12,9,2548,0.00353218210361068,0722
ASH142,D.valentini,f,270522,3200,37,22,1,3260,0.000306748466257669,0522
ASH143,D.valentini,m,70722,2593,4,1,1,2599,0.000384763370527126,0722
ASH143,D.valentini,m,240523,3546,303,34,0,3883,0,0523
ASH145,D.armeniaca,f,270522,2844,333,164,4,3345,0.00119581464872945,0522
ASH14,D.valentini,m,90722,2339,36,1,3,2379,0.00126103404791929,0722
ASH14,D.valentini,m,260522,2364,278,26,1,2669,0.000374672161858374,0522
ASH14,D.valentini,m,dd0623,3435,140,25,4,3604,0.00110987791342952,0623
ASH1501F,D.valentini,f,240523,2273,79,13,3,2368,0.00126689189189189,0523
ASH1501M,D.valentini,m,240523,2280,219,9,2,2510,0.000796812749003984,0523
ASH150,D.valentini,m,270522,2656,148,26,3,2833,0.00105894811154253,0522
ASH151,D.valentini,m,270523,621,388,97,4,1110,0.0036036036036036,0523
ASH152,D.valentini,m,70722,2308,36,22,3,2369,0.00126635711270578,0722
ASH152,D.valentini,m,270522,1718,342,79,6,2145,0.0027972027972028,0522
ASH153,D.armeniaca,f,270522,1369,133,75,3,1580,0.00189873417721519,0522
ASH154,D.armeniaca,f,270522,1240,179,67,1,1487,0.000672494956287828,0522
ASH15,D.armeniaca,f,260722,2862,102,16,10,2990,0.00334448160535117,0722
ASH15,D.valentini,sex,60722,3543,133,3,5,3684,0.00135722041259501,0722
ASH1,D.valentini,f,260522,1409,54,10,2,1475,0.00135593220338983,0522
ASH200.1,D.armeniaca,f,240523,5186,23,2,2,5213,0.000383656244005371,0523
ASH2000A,D.armeniaca,f,240523,786,19,4,3,812,0.00369458128078818,0523
ASH2000F,D.valentini,f,dd0623,2867,141,2,1,3011,0.000332115576220525,0623
ASH2000M,D.valentini,m,240523,1881,107,3,2,1993,0.00100351229302559,0523
ASH200,D.armeniaca,f,240523,3036,18,22,0,3076,0,0523
ASH201,D.armeniaca,f,270522,1402,198,16,3,1619,0.00185299567634342,0522
ASH20,D.valentini,m,70722,2287,23,22,1,2333,0.00042863266180883,0722
ASH210,D.armeniaca,f,70722,2090,118,10,8,2226,0.00359389038634322,0722
ASH210,D.armeniaca,f,270522,2094,22,9,0,2125,0,0522
ASH211,D.armeniaca,f,250523,1804,143,44,6,1997,0.00300450676014021,0523
ASH211,D.armeniaca,f,dd0623,1445,50,2,2,1499,0.00133422281521014,0623
ASH212,D.armeniaca,f,270522,2137,82,26,1,2246,0.000445235975066785,0522
ASH213,D.armeniaca,f,270522,296,133,84,0,513,0,0522
ASH214,D.valentini,f,90722,2869,61,13,4,2947,0.00135731252120801,0722
ASH21,D.valentini,m,dd0623,2434,26,26,0,2486,0,0623
ASH231,D.valentini,m,80722,3176,192,21,11,3400,0.00323529411764706,0722
ASH23,D.armeniaca,f,260522,1774,17,8,11,1810,0.00607734806629834,0522
ASH2400,D.armeniaca,f,250523,2163,106,15,7,2291,0.00305543430816237,0523
ASH240,D.armeniaca,f,dd0623,1166,99,20,4,1289,0.00310318076027929,0623
ASH241,D.armeniaca,f,90722,2713,40,12,3,2768,0.00108381502890173,0722
ASH241,D.armeniaca,f,270522,2536,116,9,3,2664,0.00112612612612613,0522
ASH241,D.armeniaca,f,dd0623,3326,160,29,3,3518,0.000852757248436612,0623
ASH252,D.valentini,f,dd0623,1174,200,29,9,1412,0.00637393767705382,0623
ASH253,D.armeniaca,f,280522,881,538,88,7,1514,0.00462351387054161,0522
ASH254,D.armeniaca,f,dd0623,1672,108,14,0,1794,0,0623
ASH255,D.armeniaca,f,dd0623,2639,47,23,8,2717,0.00294442399705558,0623
ASH25,D.valentini,m,150722,5805,37,2,5,5849,0.000854846982390152,0722
ASH300,D.armeniaca,f,280522,1034,554,65,18,1671,0.0107719928186715,0522
ASH302,D.valentini,m,280522,1675,588,128,5,2396,0.00208681135225376,0522
ASH304,D.armeniaca,f,70722,2207,45,3,0,2255,0,0722
ASH304,D.valentini,f,280522,979,343,88,0,1410,0,0522
ASH311,D.armeniaca,f,dd0623,2241,103,25,2,2371,0.000843525938422606,0623
ASH312,D.armeniaca,f,dd0623,1414,32,55,3,1504,0.00199468085106383,0623
ASH320,D.valentini,f,280522,1355,56,38,3,1452,0.00206611570247934,0522
ASH321,D.valentini,f,dd0623,1726,154,18,4,1902,0.00210304942166141,0623
ASH322,D.valentini,f,280522,2044,87,30,3,2164,0.00138632162661738,0522
ASH322,D.valentini,f,dd0623,4125,40,24,3,4192,0.000715648854961832,0623
ASH323,D.valentini,f,dd0623,2407,6,21,4,2438,0.00164068908941756,0623
ASH324,D.valentini,m,70722,1798,43,5,15,1861,0.00806018269747448,0722
ASH324,D.valentini,m,280522,2304,814,126,4,3248,0.00123152709359606,0522
ASH325,D.valentini,f,dd0623,1204,81,16,0,1301,0,0623
ASH325,D.valentini,m,80722,1016,310,28,2,1356,0.00147492625368732,0722
ASH330,D.valentini,m,80722,2149,25,18,2,2194,0.000911577028258888,0722
ASH330,D.valentini,m,dd0623,950,89,12,2,1053,0.00189933523266857,0623
ASH331,D.valentini,m,80722,3369,105,41,5,3520,0.00142045454545455,0722
ASH331,D.valentini,m,dd0623,4000,40,30,2,4072,0.000491159135559921,0623
ASH332,D.valentini,f,280522,1910,129,33,3,2075,0.00144578313253012,0522
ASH340,D.valentini,m,280522,2060,568,110,0,2738,0,0522
ASH341,D.valentini,m,250523,4849,79,108,8,5044,0.00158604282315623,0523
ASH342,D.valentini,m,240523,1675,93,13,1,1782,0.000561167227833895,0523
ASH353,D.armeniaca,f,240523,4692,22,7,9,4730,0.00190274841437632,0523
ASH355,D.armeniaca,f,dd0623,1762,90,43,3,1898,0.00158061116965227,0623
ASH400,D.armeniaca,f,280522,2666,69,28,2,2765,0.000723327305605787,0522
ASH400,D.armeniaca,f,dd0623,588,167,9,6,770,0.00779220779220779,0623
ASH40,D.armeniaca,f,dd0623,3087,182,40,5,3314,0.00150875075437538,0623
ASH410,D.armeniaca,f,90722,3165,18,3,5,3191,0.00156690692572861,0722
ASH412,D.armeniaca,f,240523,2840,31,13,1,2885,0.000346620450606586,0523
ASH414,D.armeniaca,f,240523,2272,71,25,37,2405,0.0153846153846154,0523
ASH414,D.armeniaca,f,dd0623,1851,23,17,18,1909,0.00942902042954426,0623
ASH41,D.valentini,f,260522,3241,110,21,2,3374,0.000592768227622999,0522
ASH424,D.armeniaca,f,dd0623,1373,91,18,2,1484,0.00134770889487871,0623
ASH424,D.armeniaca,f,ddmmyy,874,95,33,0,1002,0,mmyy
ASH432,D.valentini,f,dd0623,2542,182,14,1,2739,0.000365096750638919,0623
ASH433,D.valentini,f,dd0623,2034,344,10,8,2396,0.00333889816360601,0623
ASH440,D.valentini,m,250523,1637,73,26,2,1738,0.00115074798619102,0523
ASH441,D.valentini,m,80722,2367,299,96,3,2765,0.00108499095840868,0722
ASH44,D.armeniaca,f,260522,1976,174,12,6,2168,0.00276752767527675,0522
ASH45+50,D.valentini,m,250523,3182,152,9,4,3347,0.00119510008963251,0523
ASH45+50,D.valentini,m,dd0623,3094,149,29,5,3277,0.00152578577967653,0623
ASH450,D.armeniaca,f,dd0623,2306,63,54,12,2435,0.00492813141683778,0623
ASH452,D.armeniaca,f,250523,1135,49,25,2,1211,0.00165152766308836,0523
ASH452,D.armeniaca,f,dd0623,2446,1,6,6,2459,0.00244001626677511,0623
ASH45,D.valentini,f,260522,1494,389,112,6,2001,0.00299850074962519,0522
ASH4,D.valentini,f,80722,4014,156,44,7,4221,0.00165837479270315,0722
ASH502,D.valentini,m,dd0623,1798,124,4,9,1935,0.00465116279069767,0623
ASH504,D.armeniaca,f,90722,3420,58,2,9,3489,0.00257953568357696,0722
ASH510,D.armeniaca,f,240523,2373,70,27,3,2473,0.00121310149615851,0523
ASH51,D.valentini,f,240523,2204,50,156,7,2417,0.0028961522548614,0523
ASH51,D.valentini,f,dd0623,2848,186,37,7,3078,0.00227420402858999,0623
ASH51,D.valentini,f,ddmmyy,2513,56,54,2,2625,0.000761904761904762,mmyy
ASH523,D.valentini,m,70722,2316,29,1,0,2346,0,0722
ASH525,D.armeniaca,f,80722,2694,133,73,6,2906,0.00206469373709566,0722
ASH531,D.valentini,m,150722,3890,55,0,5,3950,0.00126582278481013,0722
ASH531,D.valentini,m,240523,2121,325,7,0,2453,0,0523
ASH532,D.valentini,m,80722,3365,608,54,2,4029,0.000496401092082403,0722
ASH534,D.valentini,m,70722,3128,24,3,8,3163,0.00252924438823901,0722
ASH534,D.valentini,m,240523,2612,95,33,7,2747,0.00254823443756826,0523
ASH534,D.valentini,m,dd0623,1993,87,23,8,2111,0.00378967314069162,0623
ASH535,D.valentini,m,250523,4312,145,3,2,4462,0.000448229493500672,0523
ASH540,D.armeniaca,f,240523,2597,41,3,2,2643,0.000756715853197125,0523
ASH543+2400,D.valentini,m,dd0623,1984,326,46,20,2376,0.00841750841750842,0623
ASH545,D.valentini,m,dd0623,2232,177,17,3,2429,0.00123507616303005,0623
ASH5503+1200,D.valentini,m,80722,2867,172,14,2,3055,0.000654664484451719,0722
ASH550,D.valentini,m,dd0623,1901,109,6,0,2016,0,0623
ASH551,D.armeniaca,f,dd0623,2994,25,54,2,3075,0.000650406504065041,0623
ASH552,D.armeniaca,f,dd0623,1725,4,1,3,1733,0.00173110213502597,0623
ASH554,D.valentini,m,250523,3889,177,25,13,4104,0.00316764132553606,0523
ASH555,D.valentini,m,70722,3657,19,2,6,3684,0.00162866449511401,0722
ASH555,D.valentini,m,dd0623,988,118,10,0,1116,0,0623
GG11,D.portschinskii,m,ddmmyy,1875,223,11,9,2118,0.00424929178470255,mmyy
GG12,D.portschinskii,m,ddmmyy,2875,225,13,13,3126,0.00415866922584773,mmyy
GG13,D.portschinskii,m,ddmmyy,3316,272,10,51,3649,0.0139764318991505,mmyy
GG14,D.portschinskii,m,ddmmyy,2614,44,19,47,2724,0.0172540381791483,mmyy
GG15,D.portschinskii,m,ddmmyy,1224,300,16,11,1551,0.00709219858156028,mmyy
GG16,D.portschinskii,m,ddmmyy,3672,117,14,11,3814,0.00288411116937598,mmyy
GG17,D.portschinskii,m,ddmmyy,2230,75,11,9,2325,0.00387096774193548,mmyy
GG18,D.portschinskii,m,ddmmyy,1327,73,100,5,1505,0.00332225913621262,mmyy
GG19,D.portschinskii,m,ddmmyy,2162,32,15,18,2227,0.00808262236192187,mmyy
GG1,D.dahli,f,ddmmyy,2636,38,22,71,2767,0.0256595590892664,mmyy
GG20,D.portschinskii,m,ddmmyy,2728,55,6,0,2789,0,mmyy
GG21,D.portschinskii,m,ddmmyy,2946,22,16,54,3038,0.0177748518762344,mmyy
GG22,sp,sex,ddmmyy,3341,182,75,67,3665,0.018281036834925,mmyy
GG23,D.portschinskii,m,ddmmyy,2890,81,7,11,2989,0.00368016058882569,mmyy
GG27,D.portschinskii,f,300523,3201,26,3,23,3253,0.00707039655702429,0523
GG28,D.portschinskii,f,300523,3186,96,30,2,3314,0.000603500301750151,0523
GG29,D.portschinskii,f,300523,2053,94,26,10,2183,0.00458085203847916,0523
GG2,D.dahli,f,ddmmyy,1772,212,60,4,2048,0.001953125,mmyy
GG30,D.portschinskii,f,ddmmyy,3286,52,15,0,3353,0,mmyy
GG31,D.portschinskii,f,ddmmyy,3865,121,21,6,4013,0.00149514079242462,mmyy
GG32,D.portschinskii,f,ddmmyy,1205,54,8,1,1268,0.000788643533123028,mmyy
GG33,D.portschinskii,m,ddmmyy,738,405,23,3,1169,0.00256629597946963,mmyy
GG6,D.portschinskii,m,ddmmyy,2077,25,18,4,2124,0.00188323917137476,mmyy
GG7,D.dahli,f,ddmmyy,938,82,56,8,1084,0.00738007380073801,mmyy
GG8,D.portschinskii,m,ddmmyy,2232,113,22,7,2374,0.0029486099410278,mmyy
GG9,D.portschinskii,m,ddmmyy,3038,48,7,14,3107,0.00450595429674928,mmyy
GGR1345,D.portschinskii,m,ddmmyy,2005,426,20,16,2467,0.00648561005269558,mmyy
GGR1355,D.dahli,f,ddmmyy,2777,51,2,47,2877,0.016336461591936,mmyy
GGR3001,D.portschinskii,m,ddmmyy,1803,91,18,33,1945,0.0169665809768638,mmyy
GGR3002,D.portschinskii,f,ddmmyy,2061,177,41,0,2279,0,mmyy
GGR5013,D.portschinskii,m,ddmmyy,2803,53,44,40,2940,0.0136054421768707,mmyy
GGR5024,D.dahli,f,ddmmyy,734,166,5,5,910,0.00549450549450549,mmyy
HR100,D.nairensis,m,ddmmyy,3344,793,8,27,4172,0.00647171620325983,mmyy
HR101,D.nairensis,m,ddmmyy,3219,472,9,224,3924,0.0570846075433231,mmyy
HR102,D.nairensis,m,ddmmyy,2186,190,21,9,2406,0.00374064837905237,mmyy
HR103,D.nairensis,m,ddmmyy,2422,329,8,38,2797,0.0135859849839113,mmyy
HR104,D.nairensis,m,ddmmyy,2699,298,25,42,3064,0.0137075718015666,mmyy
HR107,D.nairensis,m,ddmmyy,3449,238,18,29,3734,0.00776647027316551,mmyy
HR108,D.nairensis,m,ddmmyy,3164,220,41,63,3488,0.0180619266055046,mmyy
HR109,D.nairensis,m,ddmmyy,2029,390,25,95,2539,0.0374163056321386,mmyy
HR10,sp,sex,ddmmyy,1538,51,23,0,1612,0,mmyy
HR110,D.nairensis,m,ddmmyy,3995,300,24,11,4330,0.00254041570438799,mmyy
HR112,D.nairensis,m,ddmmyy,4163,183,40,107,4493,0.0238148230580904,mmyy
HR113,D.nairensis,m,80923,3663,210,6,6,3885,0.00154440154440154,0923
HR114,D.nairensis,m,80923,4109,73,9,28,4219,0.00663664375444418,0923
HR115,D.nairensis,m,80923,3623,218,14,6,3861,0.00155400155400155,0923
HR116,D.nairensis,f,80923,1209,49,2,39,1299,0.0300230946882217,0923
HR117,D.unisexualis,f,80923,3217,522,29,25,3793,0.00659108884787767,0923
HR118,D.unisexualis,f,80923,2984,546,5,5,3540,0.00141242937853107,0923
HR119,D.nairensis,f,923,1641,376,31,3,2051,0.00146270112140419,0923
HR11,sp,sex,ddmmyy,2227,7,2,19,2255,0.00842572062084257,mmyy
HR120,D.unisexualis,f,80923,1349,177,3,1,1530,0.00065359477124183,0923
HR121,D.unisexualis,f,80923,1315,369,19,0,1703,0,0923
HR122,D.nairensis,f,80923,2342,751,16,32,3141,0.0101878382680675,0923
HR123,D.armeniaca,f,80923,1127,17,2,4,1150,0.00347826086956522,0923
HR124,D.armeniaca,f,80923,5218,125,12,45,5400,0.00833333333333333,0923
HR125,D.armeniaca,f,80923,2149,188,51,5,2393,0.00208942749686586,0923
HR126,D.armeniaca,f,80923,4020,644,7,11,4682,0.00234942332336608,0923
HR127,D.armeniaca,f,80923,1705,339,13,11,2068,0.00531914893617021,0923
HR128,D.armeniaca,f,80923,3421,217,9,3,3650,0.000821917808219178,0923
HR129,D.armeniaca,f,80923,1910,453,7,3,2373,0.00126422250316056,0923
HR12,sp,sex,ddmmyy,1718,64,41,1,1824,0.000548245614035088,mmyy
HR130,D.armeniaca,f,80923,1855,113,7,43,2018,0.0213082259663033,0923
HR131,D.armeniaca,f,80923,633,150,17,1,801,0.00124843945068664,0923
HR132,D.armeniaca,f,80923,3453,369,17,6,3845,0.00156046814044213,0923
HR134,D.armeniaca,f,80923,851,186,35,3,1075,0.0027906976744186,0923
HR135,D.armeniaca,f,80923,3202,400,30,2,3634,0.000550357732526142,0923
HR136,D.armeniaca,f,80923,2892,295,49,0,3236,0,0923
HR137,D.armeniaca,f,80923,3554,293,1,0,3848,0,0923
HR138,D.armeniaca,f,80923,3085,127,14,5,3231,0.00154750851129681,0923
HR139,D.armeniaca,f,80923,2373,365,15,0,2753,0,0923
HR13,sp,sex,ddmmyy,2153,13,5,12,2183,0.00549702244617499,mmyy
HR140,D.armeniaca,f,80923,4185,1100,22,9,5316,0.00169300225733634,0923
HR141,D.unisexualis,f,100923,3516,255,10,1,3782,0.000264410364886304,0923
HR142,D.unisexualis,f,100923,1387,398,22,4,1811,0.00220872446162341,0923
HR143,D.unisexualis,f,100923,2738,290,6,116,3150,0.0368253968253968,0923
HR144,D.unisexualis,f,100923,3552,427,116,11,4106,0.00267900633219679,0923
HR145,D.unisexualis,f,100923,2204,319,4,2,2529,0.000790826413602214,0923
HR146,D.unisexualis,f,100923,1518,362,17,12,1909,0.00628601361969618,0923
HR147,D.nairensis,m,100923,3371,159,6,41,3577,0.011462119094213,0923
HR148,D.nairensis,m,100923,3226,125,35,39,3425,0.0113868613138686,0923
HR149,D.nairensis,m,100923,1949,286,25,178,2438,0.0730106644790812,0923
HR14,sp,sex,ddmmyy,3382,102,5,75,3564,0.021043771043771,mmyy
HR150,D.nairensis,m,100923,1433,159,5,14,1611,0.00869025450031037,0923
HR151,D.nairensis,m,100923,263,109,6,0,378,0,0923
HR152,D.nairensis,m,100923,423,512,6,2,943,0.00212089077412513,0923
HR154,D.nairensis,f,dd0923,55,1,4,4,64,0.0625,0923
HR155,D.nairensis,m,100923,794,449,13,2,1258,0.00158982511923688,0923
HR156,D.nairensis,m,100923,2549,816,6,2,3373,0.000592943966795138,0923
HR157,D.nairensis,m,100923,1843,268,6,7,2124,0.00329566854990584,0923
HR158,D.nairensis,m,100923,755,742,10,2,1509,0.00132538104705103,0923
HR159,D.nairensis,m,100923,3178,448,10,67,3703,0.0180934377531731,0923
HR15,sp,sex,ddmmyy,4038,167,22,105,4332,0.0242382271468144,mmyy
HR160,D.nairensis,m,100923,2433,647,10,1,3091,0.000323519896473633,0923
HR161,D.nairensis,f,100923,4717,218,12,10,4957,0.00201734920314706,0923
HR162,D.nairensis,f,100923,631,83,7,2,723,0.00276625172890733,0923
HR163,D.nairensis,m,100923,1719,808,15,3,2545,0.00117878192534381,0923
HR164,D.nairensis,f,100923,4259,809,10,9,5087,0.00176921564772951,0923
HR165,D.nairensis,f,100923,2058,110,3,31,2202,0.014078110808356,0923
HR166,D.nairensis,f,100923,2911,356,20,433,3720,0.116397849462366,0923
HR167,D.nairensis,f,100923,1492,132,5,31,1660,0.0186746987951807,0923
HR168,D.nairensis,f,100923,1823,374,26,383,2606,0.146968534151957,0923
HR169,D.nairensis,f,100923,1016,55,0,9,1080,0.00833333333333333,0923
HR16,sp,sex,ddmmyy,3845,158,5,7,4015,0.00174346201743462,mmyy
HR170,D.nairensis,f,100923,2738,390,14,60,3202,0.018738288569644,0923
HR171,D.unisexualis,f,110923,1369,308,12,11,1700,0.00647058823529412,0923
HR172,D.unisexualis,f,110923,1369,400,8,2,1779,0.00112422709387296,0923
HR173,D.unisexualis,f,110923,1537,207,8,17,1769,0.00960994912379876,0923
HR174,D.unisexualis,f,110923,2021,419,10,4,2454,0.00162999185004075,0923
HR175,D.unisexualis,f,110923,530,98,5,12,645,0.0186046511627907,0923
HR176,D.nairensis,f,110923,715,139,2,5,861,0.00580720092915215,0923
HR177,D.nairensis,m,110923,3069,319,73,86,3547,0.0242458415562447,0923
HR178,D.nairensis,m,110923,5019,116,16,12,5163,0.00232423009877978,0923
HR179,D.nairensis,f,110923,1853,225,4,569,2651,0.214635986420219,0923
HR17,sp,sex,ddmmyy,3216,153,31,67,3467,0.019325064897606,mmyy
HR180,D.nairensis,f,110923,1884,409,12,31,2336,0.0132705479452055,0923
HR181,D.nairensis,f,110923,2907,695,9,9,3620,0.00248618784530387,0923
HR182,D.nairensis,f,110923,1134,360,4,22,1520,0.0144736842105263,0923
HR183,D.nairensis,f,110923,2157,320,8,0,2485,0,0923
HR184,D.nairensis,f,110923,5510,641,58,29,6238,0.00464892593780058,0923
HR185,D.nairensis,f,110923,3440,315,9,5,3769,0.00132661183337755,0923
HR18,sp,sex,ddmmyy,2790,144,4,62,3000,0.0206666666666667,mmyy
HR19,sp,sex,ddmmyy,1555,27,7,3,1592,0.00188442211055276,mmyy
HR20,sp,sex,ddmmyy,3233,45,7,80,3365,0.0237741456166419,mmyy
HR21,sp,sex,ddmmyy,2482,147,12,33,2674,0.012341062079282,mmyy
HR22,sp,sex,ddmmyy,3009,42,23,5,3079,0.0016239038648912,mmyy
HR23,sp,sex,ddmmyy,2299,7,1,41,2348,0.0174616695059625,mmyy
HR25,sp,sex,ddmmyy,3878,269,24,56,4227,0.0132481665483795,mmyy
HR26,sp,sex,ddmmyy,2058,28,20,7,2113,0.00331282536677709,mmyy
HR27,sp,sex,ddmmyy,3000,62,9,2,3073,0.000650829808005207,mmyy
HR28,sp,sex,ddmmyy,3734,328,26,118,4206,0.0280551592962435,mmyy
HR29,sp,sex,ddmmyy,2146,47,20,9,2222,0.00405040504050405,mmyy
HR2,sp,sex,ddmmyy,1759,48,15,16,1838,0.00870511425462459,mmyy
HR30,sp,sex,ddmmyy,3269,67,18,76,3430,0.0221574344023324,mmyy
HR3,sp,sex,ddmmyy,2225,22,60,0,2307,0,mmyy
HR49,D.armeniaca,f,ddmmyy,5253,29,11,18,5311,0.00338919224251553,mmyy
HR4,sp,sex,ddmmyy,1099,38,17,11,1165,0.00944206008583691,mmyy
HR50,D.armeniaca,f,ddmmyy,2936,60,9,35,3040,0.0115131578947368,mmyy
HR52,D.armeniaca,f,ddmmyy,3217,115,7,29,3368,0.0086104513064133,mmyy
HR53,D.armeniaca,f,ddmmyy,1983,49,7,3,2042,0.00146914789422135,mmyy
HR54,D.armeniaca,f,ddmmyy,2921,46,8,11,2986,0.00368385800401875,mmyy
HR55,D.armeniaca,f,ddmmyy,3892,138,57,28,4115,0.00680437424058323,mmyy
HR56,D.armeniaca,f,ddmmyy,3727,198,51,8,3984,0.00200803212851406,mmyy
HR57,D.armeniaca,f,ddmmyy,3469,47,10,12,3538,0.00339174674957603,mmyy
HR59,D.armeniaca,f,ddmmyy,3834,21,24,6,3885,0.00154440154440154,mmyy
HR5,sp,sex,ddmmyy,2583,46,49,58,2736,0.0211988304093567,mmyy
HR61,D.armeniaca,f,ddmmyy,3214,34,16,4,3268,0.00122399020807834,mmyy
HR62,D.armeniaca,f,ddmmyy,2306,28,7,4,2345,0.00170575692963753,mmyy
HR63,D.armeniaca,f,ddmmyy,2215,39,50,22,2326,0.00945829750644884,mmyy
HR64,D.armeniaca,f,ddmmyy,1664,20,22,7,1713,0.00408639813193228,mmyy
HR65,D.armeniaca,f,ddmmyy,4730,238,93,28,5089,0.00550206327372765,mmyy
HR66,D.armeniaca,f,ddmmyy,2004,148,33,35,2220,0.0157657657657658,mmyy
HR67,D.armeniaca,f,ddmmyy,2234,77,4,0,2315,0,mmyy
HR68,D.armeniaca,f,ddmmyy,3493,238,8,66,3805,0.0173455978975033,mmyy
HR69,D.unisexualis,f,ddmmyy,3342,63,17,2,3424,0.00058411214953271,mmyy
HR6,sp,sex,ddmmyy,2031,97,10,3,2141,0.00140121438580103,mmyy
HR70,D.unisexualis,f,ddmmyy,4038,207,12,7,4264,0.00164165103189493,mmyy
HR71,D.unisexualis,f,ddmmyy,2233,93,4,30,2360,0.0127118644067797,mmyy
HR72,D.unisexualis,f,ddmmyy,1606,115,26,0,1747,0,mmyy
HR73,D.unisexualis,f,ddmmyy,3357,300,27,28,3712,0.00754310344827586,mmyy
HR74,D.unisexualis,f,ddmmyy,2194,164,14,8,2380,0.00336134453781513,mmyy
HR75,D.unisexualis,f,ddmmyy,1304,57,17,13,1391,0.00934579439252336,mmyy
HR76,D.unisexualis,f,ddmmyy,2712,74,20,75,2881,0.026032627559875,mmyy
HR77,D.unisexualis,f,ddmmyy,1012,47,25,0,1084,0,mmyy
HR78,D.unisexualis,f,ddmmyy,1944,51,16,21,2032,0.0103346456692913,mmyy
HR79,D.unisexualis,f,ddmmyy,2583,150,26,22,2781,0.00791082344480403,mmyy
HR7,sp,sex,ddmmyy,1090,32,20,8,1150,0.00695652173913044,mmyy
HR80,D.unisexualis,f,ddmmyy,1491,166,18,29,1704,0.017018779342723,mmyy
HR81,D.unisexualis,f,ddmmyy,4566,874,16,168,5624,0.0298719772403983,mmyy
HR82,D.unisexualis,f,ddmmyy,3996,211,9,46,4262,0.010793054903801,mmyy
HR83,D.unisexualis,f,ddmmyy,3550,297,21,137,4005,0.034207240948814,mmyy
HR84,D.unisexualis,f,ddmmyy,2160,126,17,34,2337,0.014548566538297,mmyy
HR85,D.unisexualis,f,ddmmyy,3835,258,28,26,4147,0.00626959247648903,mmyy
HR86,D.unisexualis,f,ddmmyy,4050,750,44,49,4893,0.0100143061516452,mmyy
HR87,D.unisexualis,f,ddmmyy,1993,195,19,7,2214,0.0031616982836495,mmyy
HR88,D.unisexualis,f,ddmmyy,3857,223,3,8,4091,0.00195551209973112,mmyy
HR89,D.unisexualis,f,ddmmyy,1770,191,7,73,2041,0.0357667809897109,mmyy
HR90,D.nairensis,f,ddmmyy,1208,26,7,103,1344,0.0766369047619048,mmyy
HR92,D.nairensis,f,ddmmyy,2333,185,11,16,2545,0.00628683693516699,mmyy
HR93,D.nairensis,f,ddmmyy,2867,239,24,6,3136,0.00191326530612245,mmyy
HR94,D.nairensis,f,ddmmyy,3412,443,25,5,3885,0.00128700128700129,mmyy
HR95,D.nairensis,f,ddmmyy,3163,94,9,40,3306,0.0120992135511192,mmyy
HR96,D.nairensis,f,ddmmyy,2604,240,10,96,2950,0.0325423728813559,mmyy
HR97,D.nairensis,f,ddmmyy,3616,625,27,53,4321,0.0122656792409165,mmyy
HR98,D.nairensis,f,ddmmyy,1901,74,5,2,1982,0.00100908173562059,mmyy
HR9,sp,sex,ddmmyy,1946,21,9,12,1988,0.00603621730382294,mmyy
SH1.22,D.valentini,f,110722,2122,82,13,3,2220,0.00135135135135135,0722
SH10.22,D.valentini,f,110722,1689,89,29,8,1815,0.00440771349862259,0722
SH10,D.valentini,m,ddmmyy,1547,416,7,1,1971,0.000507356671740233,mmyy
SH11.22,D.valentini,f,110722,2610,441,17,1,3069,0.000325839035516455,0722
SH11,D.valentini,m,ddmmyy,1770,152,6,8,1936,0.00413223140495868,mmyy
SH12.22,D.valentini,f,110722,2986,97,13,3,3099,0.000968054211035818,0722
SH12,D.valentini,m,ddmmyy,1717,156,11,13,1897,0.00685292567211386,mmyy
SH13.22,D.valentini,m,110722,2563,91,11,14,2679,0.00522583053378126,0722
SH13,D.valentini,m,ddmmyy,2196,467,26,12,2701,0.00444279896334691,mmyy
SH14.22,D.valentini,f,110722,2546,175,2,2,2725,0.00073394495412844,0722
SH14,D.valentini,m,ddmmyy,846,97,55,6,1004,0.00597609561752988,mmyy
SH15.22,D.valentini,f,110722,2894,165,4,22,3085,0.00713128038897893,0722
SH15,D.valentini,m,ddmmyy,1934,266,8,6,2214,0.002710027100271,mmyy
SH16.22,D.valentini,f,110722,3677,282,21,27,4007,0.00673820813576242,0722
SH16,D.valentini,f,ddmmyy,1668,77,37,6,1788,0.00335570469798658,mmyy
SH17.22,D.valentini,f,110722,2587,135,6,24,2752,0.00872093023255814,0722
SH17,D.valentini,f,ddmmyy,943,43,99,2,1087,0.00183992640294388,mmyy
SH18.22,D.valentini,f,110722,1977,171,4,2,2154,0.000928505106778087,0722
SH18,D.valentini,f,ddmmyy,890,160,33,6,1089,0.00550964187327824,mmyy
SH19.22,D.valentini,m,110722,1993,160,8,2,2163,0.00092464170134073,0722
SH19,D.valentini,f,ddmmyy,2404,106,29,11,2550,0.00431372549019608,mmyy
SH1,D.valentini,m,ddmmyy,2158,1129,45,20,3352,0.00596658711217184,mmyy
SH2.22,D.valentini,m,110722,3107,29,3,12,3151,0.00380831482069184,0722
SH20.22,D.valentini,m,110722,1364,495,17,44,1920,0.0229166666666667,0722
SH20,D.valentini,f,ddmmyy,2124,497,7,8,2636,0.00303490136570561,mmyy
SH21.22,D.valentini,f,110722,3447,109,1,19,3576,0.00531319910514541,0722
SH21,D.valentini,f,ddmmyy,3107,249,95,4,3455,0.00115774240231548,mmyy
SH22.22,D.valentini,m,110722,2013,59,3,5,2080,0.00240384615384615,0722
SH22,D.valentini,f,ddmmyy,1135,26,48,0,1209,0,mmyy
SH23.22,D.valentini,f,110722,2036,27,3,4,2070,0.00193236714975845,0722
SH23,D.valentini,f,ddmmyy,2650,39,21,3,2713,0.00110578695171397,mmyy
SH24.22,D.valentini,f,110722,1389,136,3,9,1537,0.00585556278464541,0722
SH24,D.valentini,f,ddmmyy,1581,29,14,0,1624,0,mmyy
SH25,D.valentini,f,ddmmyy,1348,35,56,19,1458,0.0130315500685871,mmyy
SH26,D.valentini,f,ddmmyy,1096,42,9,5,1152,0.00434027777777778,mmyy
SH27.22,D.valentini,m,120722,3988,16,5,11,4020,0.0027363184079602,0722
SH27,D.valentini,f,ddmmyy,2355,170,13,4,2542,0.001573564122738,mmyy
SH28.22,D.valentini,m,120722,3127,74,0,14,3215,0.00435458786936236,0722
SH28,D.valentini,f,ddmmyy,1199,113,56,3,1371,0.00218818380743982,mmyy
SH29.22,D.valentini,f,120722,2179,61,5,5,2250,0.00222222222222222,0722
SH29,D.valentini,f,ddmmyy,1600,27,9,33,1669,0.0197723187537448,mmyy
SH2,D.valentini,m,ddmmyy,5140,207,33,6,5386,0.00111399925733383,mmyy
SH3.22,D.valentini,f,110722,2393,12,4,17,2426,0.00700741962077494,0722
SH30.22,D.valentini,f,120722,4838,29,6,6,4879,0.00122976019676163,0722
SH30,D.valentini,f,ddmmyy,2539,61,4,2,2606,0.000767459708365311,mmyy
SH31.22,D.valentini,m,120722,2053,80,11,9,2153,0.00418021365536461,0722
SH31,D.valentini,f,ddmmyy,1121,51,24,2,1198,0.00166944908180301,mmyy
SH32.22,D.valentini,f,120722,4316,93,1,8,4418,0.00181077410593029,0722
SH32,D.valentini,f,ddmmyy,1911,36,22,0,1969,0,mmyy
SH33.22,D.valentini,f,120722,2555,86,13,6,2660,0.00225563909774436,0722
SH34.22,D.valentini,m,120722,1824,145,26,2,1997,0.00100150225338007,0722
SH35.22,D.valentini,f,120722,4050,41,2,2,4095,0.000488400488400488,0722
SH36.22,D.valentini,m,120722,1881,224,27,2,2134,0.000937207122774133,0722
SH37.22,D.valentini,f,120722,4570,43,14,8,4635,0.0017259978425027,0722
SH38.22,D.valentini,m,120722,3920,249,20,4,4193,0.000953970903887431,0722
SH3,D.valentini,m,ddmmyy,1741,27,94,3,1865,0.00160857908847185,mmyy
SH4.22,D.valentini,f,110722,2984,2,0,8,2994,0.00267201068804275,0722
SH4,D.valentini,m,ddmmyy,2636,378,55,15,3084,0.00486381322957198,mmyy
SH5.22,D.valentini,m,110722,3954,32,1,11,3998,0.00275137568784392,0722
SH5,D.valentini,m,ddmmyy,1252,277,92,8,1629,0.0049109883364027,mmyy
SH6.22,D.valentini,f,110722,3593,86,8,7,3694,0.00189496480779643,0722
SH7.22,D.valentini,m,110722,4074,521,17,9,4621,0.00194763038303398,0722
SH7,D.valentini,m,ddmmyy,859,333,48,8,1248,0.00641025641025641,mmyy
SH8.22,D.valentini,m,110722,3036,152,17,10,3215,0.0031104199066874,0722
SH8,D.valentini,m,ddmmyy,524,167,3,2,696,0.0028735632183908,mmyy
SH9.22,D.valentini,f,110722,3036,115,9,1,3161,0.000316355583676052,0722
SH9,D.valentini,m,ddmmyy,1719,49,6,10,1784,0.00560538116591928,mmyy
SHM7,D.valentini,f,230523,2932,111,9,9,3061,0.00294021561581183,0523
SHM5,D.valentini,m,230523,3043,204,17,13,3277,0.00396704302715899,0523
SHM27,D.valentini,m,230523,2739,120,50,23,2932,0.00784447476125512,0523
SHM6,D.valentini,f,230523,2627,28,48,6,2709,0.00221483942414175,0523
SHM11,D.valentini,m,230523,3176,58,1,1,3236,0.00030902348578492,0523
SHM28,D.valentini,m,230523,2259,227,24,5,2515,0.00198807157057654,0523
SHM22,D.valentini,m,230523,2009,10,22,5,2046,0.00244379276637341,0523
SHM13,D.valentini,f,230523,3778,19,4,9,3810,0.00236220472440945,0523
SHM26,D.valentini,f,230523,2196,64,5,10,2275,0.0043956043956044,0523
SHM10,D.valentini,m,230523,1948,5,7,6,1966,0.00305188199389624,0523
SHM21,D.valentini,m,230523,2356,215,11,1,2583,0.000387146728610143,0523
SHM4,D.valentini,m,230523,3975,269,62,19,4325,0.00439306358381503,0523
SHM14,D.valentini,m,230523,2711,168,4,2,2885,0.000693240901213172,0523
SHM8,D.valentini,f,230523,4113,51,7,3,4174,0.000718735026353618,0523
SHM25,D.valentini,f,230523,2942,9,39,3,2993,0.00100233879051119,0523
SHM9,D.valentini,f,230523,2540,29,26,6,2601,0.00230680507497117,0523
SHM.SVL73.LC12R.M611,D.valentini,f,230523,4320,70,6,17,4413,0.00385225470201677,0523
SHM24,D.valentini,f,230523,1885,11,20,2,1918,0.00104275286757039,0523
SHM12,D.valentini,f,230523,1810,22,6,1,1839,0.000543773790103317,0523
SR01,D.valentini,f,80722,1288,57,25,4,1374,0.00291120815138282,0722
SR02,D.armeniaca,f,60722,2231,1,1,9,2242,0.004014272970562,0722
SR03,D.valentini,f,80722,2149,416,42,1,2608,0.000383435582822086,0722
SR11,D.armeniaca,f,180923,516,26,28,3,573,0.00523560209424084,0923
SR12,D.armeniaca,f,180923,1595,59,3,1,1658,0.00060313630880579,0923
SR13,D.armeniaca,f,180923,1713,24,8,5,1750,0.00285714285714286,0923
SR14,D.armeniaca,f,180923,1162,79,10,2,1253,0.00159616919393456,0923
SR15,D.armeniaca,f,180923,1624,50,0,0,1674,0,0923
SR16,D.armeniaca,f,180923,1335,7,2,2,1346,0.00148588410104012,0923
SR17,D.valentini,f,180923,1999,111,1,1,2112,0.000473484848484848,0923
SR18,D.armeniaca,f,180923,1011,7,0,1,1019,0.00098135426889107,0923
SR19,D.armeniaca,f,180923,1893,50,9,6,1958,0.00306435137895812,0923
SR1,D.valentini,f,ddmmyy,610,62,5,2,679,0.00294550810014728,mmyy
SR20,D.armeniaca,f,180923,1748,68,4,4,1824,0.00219298245614035,0923
SR21,D.valentini,f,190923,1964,196,38,3,2201,0.00136301681054066,0923
SR22,D.valentini,f,190923,1820,62,5,7,1894,0.00369588173178458,0923
SR23,D.armeniaca,f,190923,1408,26,5,10,1449,0.00690131124913734,0923
SR24,D.armeniaca,f,190923,2259,42,1,4,2306,0.00173460537727667,0923
SR2,D.valentini,f,ddmmyy,1399,205,35,1,1640,0.000609756097560976,mmyy
SR3,D.valentini,f,ddmmyy,1466,54,5,1,1526,0.000655307994757536,mmyy
SR4,D.valentini,f,ddmmyy,2724,52,4,4,2784,0.0014367816091954,mmyy
SR5,D.valentini,f,ddmmyy,1420,168,11,6,1605,0.00373831775700935,mmyy
SR6,D.valentini,f,ddmmyy,3091,0,1,1,3093,0.000323310701584222,mmyy
SR7,D.valentini,m,180923,1236,187,4,2,1429,0.00139958012596221,0923
SR8,D.valentini,m,180923,2166,17,5,5,2193,0.00227998176014592,0923
SR9,D.armeniaca,f,180923,1344,35,18,2,1399,0.00142959256611866,0923
SRM66,D.valentini,f,240523,153,3,19,0,175,0,0523
SRM67,D.valentini,m,240523,3009,59,2,0,3070,0,0523
SRM68,D.valentini,m,240523,3724,142,30,10,3906,0.00256016385048643,0523
SRM69,D.valentini,f,240523,2232,62,1,1,2296,0.000435540069686411,0523
SRM70,D.valentini,m,240523,506,211,3,1,721,0.0013869625520111,0523
SRM71,D.valentini,f,240523,822,16,0,8,846,0.00945626477541371,0523
SRM72,D.valentini,f,250523,1980,84,74,0,2138,0,0523
SRM73,D.valentini,f,250523,1360,8,33,2,1403,0.00142551674982181,0523
SRM74,D.valentini,f,250523,2555,3,40,1,2599,0.000384763370527126,0523
SRM75,D.valentini,f,250523,4136,185,54,3,4378,0.000685244403837369,0523
SRM76,D.valentini,f,250523,2578,62,75,4,2719,0.00147112909157779,0523
SRM77,D.valentini,f,250523,984,55,20,2,1061,0.00188501413760603,0523
SRM78,D.armeniaca,f,250523,1666,27,18,0,1711,0,0523
SRM79,D.armeniaca,f,250523,2763,5,12,9,2789,0.00322696306920043,0523
SRM80,D.armeniaca,f,250523,4015,31,21,6,4073,0.00147311563957771,0523
SRM81,D.armeniaca,f,250523,3557,222,1,14,3794,0.003690036900369,0523
SRM83,D.armeniaca,f,250523,2845,22,2,0,2869,0,0523
SRM84,D.valentini,m,250523,2849,21,15,4,2889,0.00138456213222568,0523
SRM85,D.valentini,m,250523,3091,3,11,5,3110,0.00160771704180064,0523
SRM86,D.valentini,m,250523,3040,26,22,3,3091,0.000970559689420899,0523