id,paras
AC100_Ddah_f_ddmmyy,236
AC102_Ddah_f_ddmmyy,50
AC103_Ddah_f_ddmmyy,14
AC104_Ddah_f_ddmmyy,111
AC111_Dport_m_ddmmyy,51
AC115_Dport_m_ddmmyy,7
AC118_Dport_f_ddmmyy,0
AC119_Dport_f_ddmmyy,4
AC120_Dport_f_ddmmyy,24
AC121_Dport_f_ddmmyy,11
AC124_Dport_f_ddmmyy,92
AC125_Dport_f_ddmmyy,67
AC12_sp_sex_ddmmyy,3
AC132_HybDportDdah_f_ddmmyy,10
AC133_HybDportDdah_f_ddmmyy,5
AC136_Darm_f_ddmmyy,134
AC137_Darm_f_ddmmyy,421
AC138_Darm_f_ddmmyy,133
AC13_sp_sex_ddmmyy,21
AC140_Darm_f_ddmmyy,1
AC141_Darm_f_ddmmyy,1
AC142_Darm_f_ddmmyy,90
AC143_Darm_f_ddmmyy,2
AC144_Ddah_f_ddmmyy,127
AC14_sp_sex_ddmmyy,20
AC15_sp_sex_ddmmyy,102
AC16_sp_sex_ddmmyy,3
AC186_Dport_f_130923,13
AC18_sp_sex_ddmmyy,33
AC195_Ddah_f_130923,6
AC199_Ddah_f_130923,75
AC19_sp_sex_ddmmyy,14
AC1_sp_sex_ddmmyy,226
AC200_Ddah_f_130923,64
AC202_Dport_m_140923,48
AC204_Dport_m_140923,129
AC206_Dport_m_140923,4
AC207_Dport_m_140923,40
AC209_Dport_m_140923,139
AC20_sp_sex_ddmmyy,7
AC210_Dport_m_140923,17
AC211_Dport_m_140923,54
AC220_Dport_f_140923,34
AC221_Dport_f_14092,16
AC222_Dport_f_140923,9
AC223_Dport_f_140923,47
AC225_Dport_f_140923,1
AC227_Dport_f_140923,15
AC229_Dport_f_140923,2
AC235_Ddah_f_140923,30
AC237_Ddah_f_140923,32
AC238_Ddah_f_140923,225
AC239_Ddah_f_140923,50
AC240_Ddah_f_140923,2
AC241_Ddah_f_140923,31
AC244_HybDportDdah_150923,28
AC245_Dport_m_150923,30
AC246_Dport_m_150923,2
AC247_Dport_m_150923,24
AC248_Darm_f_150923,594
AC249_Darm_f_150923,37
AC24_Darm_f_280523,6
AC250_HybDportDdah_f_150923,5
AC251_HybDportDdah_f_150923,41
AC253_Darm_f_150923,46
AC255_Darm_f_190923,2
AC256_Darm_f_150923,58
AC257_Darm_f_150923,158
AC258_Darm_f_150923,46
AC259_Darm_f_150923,5
AC25_Darm_f_280523,106
AC260_Darm_f_150923,10
AC26_Ddah_f_280523,217
AC27_Dport_m_280523,75
AC29__Ddah_f_280523,19
AC2_sp_sex_ddmmyy,22
AC30_Ddah_f_280523,75
AC31_Darm_f_280523,64
AC32_Ddah_f_280523,345
AC34_Ddah_f_dd0523,231
AC35_Ddah_f_ddmmyy,1
AC36_Darm_f_ddmmyy,22
AC37_Ddah_f_ddmmyy,21
AC38_Ddah_f_ddmmyy,9
AC3_sp_sex_ddmmyy,39
AC40_Ddah_f_ddmmyy,87
AC41_Ddah_f_dd0523,27
AC42_Ddah_f_ddmmyy,6
AC43_Ddah_f_dd0523,91
AC44_Ddah_f_ddmmyy,45
AC46_Ddah_f_ddmmyy,57
AC47_Ddah_f_dd0523,2
AC48_Ddah_f_dd0543,1
AC4_sp_sex_ddmmyy,1
AC50_Dport_m_ddmmyy,8
AC51_Dport_m_ddmmyy,37
AC52_Dport_m_ddmmyy,16
AC53_Dport_m_dd0523,8
AC55_Dport_f_dd0523,11
AC56_Darm_f_dd0523,9
AC57_Darm_f_dd0523,132
AC58_Darm_f_dd0523,4
AC59_Darm_f_ddmmyy,338
AC5_sp_sex_ddmmyy,0
AC60_Darm_f_dd0523,202
AC61_Darm_f_dd0623,86
AC62_Darm_f_ddmmyy,8
AC63_Darm_f_ddmmyy,0
AC64_Darm_f_dd0523,20
AC65_Darm_f_dd0623,9
AC66_Darm_f_dd0623,156
AC67_Darm_f_dd0623,31
AC6_sp_sex_ddmmyy,19
AC70_Dport_f_ddmmyy,30
AC71_Darm_f_ddmmyy,1
AC72_Dport_m_ddmmyy,107
AC73_Dport_m_ddmmyy,14
AC74_Dport_f_dd0523,40
AC75_Dport_f_ddmmyy,11
AC76_Dport_f_ddmmyy,11
AC79_Dport_f_ddmmyy,8
AC7_sp_sex_ddmmyy,200
AC82_Dport_m_ddmmyy,6
AC84_Dport_f_ddmmyy,4
AC85_Dport_m_ddmmyy,83
AC86_Dport_m_ddmmyy,23
AC87_Dport_m_ddmmyy,7
AC88_Dport_m_ddmmyy,4
AC89_Dport_f_ddmmyy,43
AC8_sp_sex_ddmmyy,0
AC91_Darm_f_ddmmyy,67
AC92_Darm_f_ddmmyy,139
AC93_Darm_f_ddmmyy,2
AC94_Darm_f_ddmmyy,266
AC95_Darm_f_ddmmyy,106
AC97_Darm_f_ddmmyy,52
AC98_Ddah_f_ddmmyy,417
AC99_Ddah_f_ddmmyy,19
ACN1341_Dport_f_dd0523,1
ACN1342_Dport_f_dd0523,7
ACN1343_Dport_f_dd0523,6
ACN1354_Dport_f_dd0523,8
ACN2344_Dport_m_ddmmyy,32
ACN3002_Dport_f_ddmmyy,0
ACN5013_Dport_m_ddmmyy,38
ACN5014_Ddah_f_ddmmyy,7
ACN5015_Ddah_f_ddmmyy,71
ACN5021_Ddah_f_ddmmyy,96
ACN5022_Ddah_f_ddmmyy,198
ACN5023_Ddah_f_ddmmyy,14
ACN5024_Ddah_f_ddmmyy,12
ACN5520_Ddah_f_ddmmyy,8
AH2_Dval_f_260522,2
ASH1000_Dval_f_dd0623,2
ASH1005_Dval_m_080722,9
ASH1005_Dval_m_dd0623,0
ASH100_Dval_m_100722,15
ASH1011_Dval_m_070722,4
ASH1020_Dval_m_240523,5
ASH103_Darm_f_dd0623,2
ASH104_Darm_f_260522,4
ASH10_Dval_m_090722,1
ASH10_Dval_m_240523,1
ASH113_Darm_f_260522,2
ASH115_Darm_f_260522,1
ASH125_Dval_m_240523,3
ASH125_Dval_m_dd0623,10
ASH131+410_Dval_m_250523,1
ASH1311_Darm_f_240523,3
ASH131_Dval_m_100722,0
ASH133_Dval_m_070722,6
ASH135_Darm_f_070722,2
ASH135_Darm_f_270522,0
ASH13_Dval_m_070722,9
ASH142_Dval_f_270522,1
ASH143_Dval_m_070722,1
ASH143_Dval_m_240523,0
ASH145_Darm_f_270522,4
ASH14_Dval_m_090722,3
ASH14_Dval_m_260522,1
ASH14_Dval_m_dd0623,4
ASH1501_Dval_f_240523,3
ASH1501_Dval_m_240523,2
ASH150_Dval_m_270522,3
ASH151_Dval_m_270523,4
ASH152_Dval_m_070722,3
ASH152_Dval_m_270522,6
ASH153_Darm_f_270522,3
ASH154_Darm_f_270522,1
ASH15_Darm_f_260722,10
ASH15_Dval_sex_060722,5
ASH1_Dval_f_260522,2
ASH200.1_Darm_f_240523,2
ASH2000_Darm_f_240523,3
ASH2000_Dval_f_dd0623,1
ASH2000_Dval_m_240523,2
ASH200_Darm_f_240523,0
ASH201_Darm_f_270522,3
ASH20_Dval_m_070722,1
ASH210_Darm_f_070722,8
ASH210_Darm_f_270522,0
ASH211_Darm_f_250523,6
ASH211_Darm_f_dd0623,2
ASH212_Darm_f_270522,1
ASH213_Darm_f_270522,0
ASH214_Dval_f_090722,4
ASH21_Dval_m_dd0623,0
ASH231_Dval_m_080722,11
ASH23_Darm_f_260522,11
ASH2400_Darm_f_250523,7
ASH240_Darm_f_dd0623,4
ASH241_Darm_f_090722,3
ASH241_Darm_f_270522,3
ASH241_Darm_f_dd0623,3
ASH252_Dval_f_dd0623,9
ASH253_Darm_f_280522,7
ASH254_Darm_f_dd0623,0
ASH255_Darm_f_dd0623,8
ASH25_Dval_m_150722,5
ASH300_Darm_f_280522,18
ASH302_Dval_m_280522,5
ASH304_Darm_f_070722,0
ASH304_Dval_f_280522,0
ASH311_Darm_f_dd0623,2
ASH312_Darm_f_dd0623,3
ASH320_Dval_f_280522,3
ASH321_Dval_f_dd0623,4
ASH322_Dval_f_280522,3
ASH322_Dval_f_dd0623,3
ASH323_Dval_f_dd0623,4
ASH324_Dval_m_070722,15
ASH324_Dval_m_280522,4
ASH325_Dval_f_dd0623,0
ASH325_Dval_m_080722,2
ASH330_Dval_m_080722,2
ASH330_Dval_m_dd0623,2
ASH331_Dval_m_080722,5
ASH331_Dval_m_dd0623,2
ASH332_Dval_f_280522,3
ASH340_Dval_m_280522,0
ASH341_Dval_m_250523,8
ASH342_Dval_m_240523,1
ASH353_Darm_f_240523,9
ASH355_Darm_f_dd0623,3
ASH400_Darm_f_280522,2
ASH400_Darm_f_dd0623,6
ASH40_Darm_f_dd0623,5
ASH410_Darm_f_090722,5
ASH412_Darm_f_240523,1
ASH414_Darm_f_240523,37
ASH414_Darm_f_dd0623,18
ASH41_Dval_f_260522,2
ASH424_Darm_f_dd0623,2
ASH424_Darm_f_ddmmyy,0
ASH432_Dval_f_dd0623,1
ASH433_Dval_f_dd0623,8
ASH440_Dval_m_250523,2
ASH441_Dval_m_080722,3
ASH44_Darm_f_260522,6
ASH45+50_Dval_m_250523,4
ASH45+50_Dval_m_dd0623,5
ASH450_Darm_f_dd0623,12
ASH452_Darm_f_250523,2
ASH452_Darm_f_dd0623,6
ASH45_Dval_f_260522,6
ASH4_Dval_f_080722,7
ASH502_Dval_m_dd0623,9
ASH504_Darm_f_090722,9
ASH510_Darm_f_240523,3
ASH51_Dval_f_240523,7
ASH51_Dval_f_dd0623,7
ASH51_Dval_f_ddmmyy,2
ASH523_Dval_m_070722,0
ASH525_Darm_f_080722,6
ASH531_Dval_m_150722,5
ASH531_Dval_m_240523,0
ASH532_Dval_m_080722,2
ASH534_Dval_m_070722,8
ASH534_Dval_m_240523,7
ASH534_Dval_m_dd0623,8
ASH535_Dval_m_250523,2
ASH540_Darm_f_240523,2
ASH543+2400_Dval_m_dd0623,20
ASH545_Dval_m_dd0623,3
ASH5503+1200_Dval_m_080722,2
ASH550_Dval_m_dd0623,0
ASH551_Darm_f_dd0623,2
ASH552_Darm_f_dd0623,3
ASH554_Dval_m_250523,13
ASH555_Dval_m_070722,6
ASH555_Dval_m_dd0623,0
GG11_Dport_m_ddmmyy,9
GG12_Dport_m_ddmmyy,13
GG13_Dport_m_ddmmyy,51
GG14_Dport_m_ddmmyy,47
GG15_Dport_m_ddmmyy,11
GG16_Dport_m_ddmmyy,11
GG17_Dport_m_ddmmyy,9
GG18_Dport_m_ddmmyy,5
GG19_Dport_m_ddmmyy,18
GG1_Ddah_f_ddmmyy,71
GG20_Dport_m_ddmmyy,0
GG21_Dport_m_ddmmyy,54
GG22_sp_sex_ddmmyy,67
GG23_Dport_m_ddmmyy,11
GG27_Dport_f_300523,23
GG28_Dport_f_300523,2
GG29_Dport_f_300523,10
GG2_Ddah_f_ddmmyy,4
GG30_Dport_f_ddmmyy,0
GG31_Dport_f_ddmmyy,6
GG32_Dport_f_ddmmyy,1
GG33_Dport_m_ddmmyy,3
GG6_Dport_m_ddmmyy,4
GG7_Ddah_f_ddmmyy,8
GG8_Dport_m_ddmmyy,7
GG9_Dport_m_ddmmyy,14
GGR1345_Dport_m_ddmmyy,16
GGR1355_Ddah_f_ddmmyy,47
GGR3001_Dport_m_ddmmyy,33
GGR3002_Dport_f_ddmmyy,0
GGR5013_Dport_m_ddmmyy,40
GGR5024_Ddah_f_ddmmyy,5
HR100_Dnair_m_ddmmyy,27
HR101_Dnair_m_ddmmyy,224
HR102_Dnair_m_ddmmyy,9
HR103_Dnair_m_ddmmyy,38
HR104_Dnair_m_ddmmyy,42
HR107_Dnair_m_ddmmyy,29
HR108_Dnair_m_ddmmyy,63
HR109_Dnair_m_ddmmyy,95
HR10_sp_sex_ddmmyy,0
HR110_Dnair_m_ddmmyy,11
HR112_Dnair_m_ddmmyy,107
HR113_Dnair_m_080923,6
HR114_Dnair_m_080923,28
HR115_Dnair_m_080923,6
HR116_Dnair_f_080923,39
HR117_Duni_f_080923,25
HR118_Duni_f_080923,5
HR119_Dnair_f_00923,3
HR11_sp_sex_ddmmyy,19
HR120_Duni_f_080923,1
HR121_Duni_f_080923,0
HR122_Dnair_f_080923,32
HR123_Darm_f_080923,4
HR124_Darm_f_080923,45
HR125_Darm_f_080923,5
HR126_Darm_f_080923,11
HR127_Darm_f_080923,11
HR128_Darm_f_080923,3
HR129_Darm_f_080923,3
HR12_sp_sex_ddmmyy,1
HR130_Darm_f_080923,43
HR131_Darm_f_080923,1
HR132_Darm_f_080923,6
HR134_Darm_f_080923,3
HR135_Darm_f_080923,2
HR136_Darm_f_080923,0
HR137_Darm_f_080923,0
HR138_Darm_f_080923,5
HR139_Darm_f_080923,0
HR13_sp_sex_ddmmyy,12
HR140_Darm_f_080923,9
HR141_Duni_f_100923,1
HR142_Duni_f_100923,4
HR143_Duni_f_100923,116
HR144_Duni_f_100923,11
HR145_Duni_f_100923,2
HR146_Duni_f_100923,12
HR147_Dnair_m_100923,41
HR148_Dnair_m_100923,39
HR149_Dnair_m_100923,178
HR14_sp_sex_ddmmyy,75
HR150_Dnair_m_100923,14
HR151_Dnair_m_100923,0
HR152_Dnair_m_100923,2
HR154_Dnair_f_dd0923,4
HR155_Dnair_m_100923,2
HR156_Dnair_m_100923,2
HR157_Dnair_m_100923,7
HR158_Dnair_m_100923,2
HR159_Dnair_m_100923,67
HR15_sp_sex_ddmmyy,105
HR160_Dnair_m_100923,1
HR161_Dnair_f_100923,10
HR162_Dnair_f_100923,2
HR163_Dnair_m_100923,3
HR164_Dnair_f_100923,9
HR165_Dnair_f_100923,31
HR166_Dnair_f_100923,433
HR167_Dnair_f_100923,31
HR168_Dnair_f_100923,383
HR169_Dnair_f_100923,9
HR16_sp_sex_ddmmyy,7
HR170_Dnair_f_100923,60
HR171_Duni_f_110923,11
HR172_Duni_f_110923,2
HR173_Duni_f_110923,17
HR174_Duni_f_110923,4
HR175_Duni_f_110923,12
HR176_Dnair_f_110923,5
HR177_Dnair_m_110923,86
HR178_Dnair_m_110923,12
HR179_Dnair_f_110923,569
HR17_sp_sex_ddmmyy,67
HR180_Dnair_f_110923,31
HR181_Dnair_f_110923,9
HR182_Dnair_f_110923,22
HR183_Dnair_f_110923,0
HR184_Dnair_f_110923,29
HR185_Dnair_f_110923,5
HR18_sp_sex_ddmmyy,62
HR19_sp_sex_ddmmyy,3
HR20_sp_sex_ddmmyy,80
HR21_sp_sex_ddmmyy,33
HR22_sp_sex_ddmmyy,5
HR23_sp_sex_ddmmyy,41
HR25_sp_sex_ddmmyy,56
HR26_sp_sex_ddmmyy,7
HR27_sp_sex_ddmmyy,2
HR28_sp_sex_ddmmyy,118
HR29_sp_sex_ddmmyy,9
HR2_sp_sex_ddmmyy,16
HR30_sp_sex_ddmmyy,76
HR3_sp_sex_ddmmyy,0
HR49_Darm_f_ddmmyy,18
HR4_sp_sex_ddmmyy,11
HR50_Darm_f_ddmmyy,35
HR52_Darm_f_ddmmyy,29
HR53_Darm_f_ddmmyy,3
HR54_Darm_f_ddmmyy,11
HR55_Darm_f_ddmmyy,28
HR56_Darm_f_ddmmyy,8
HR57_Darm_f_ddmmyy,12
HR59_Darm_f_ddmmyy,6
HR5_sp_sex_ddmmyy,58
HR61_Darm_f_ddmmyy,4
HR62_Darm_f_ddmmyy,4
HR63_Darm_f_ddmmyy,22
HR64_Darm_f_ddmmyy,7
HR65_Darm_f_ddmmyy,28
HR66_Darm_f_ddmmyy,35
HR67_Darm_f_ddmmyy,0
HR68_Darm_f_ddmmyy,66
HR69_Duni_f_ddmmyy,2
HR6_sp_sex_ddmmyy,3
HR70_Duni_f_ddmmyy,7
HR71_Duni_f_ddmmyy,30
HR72_Duni_f_ddmmyy,0
HR73_Duni_f_ddmmyy,28
HR74_Duni_f_ddmmyy,8
HR75_Duni_f_ddmmyy,13
HR76_Duni_f_ddmmyy,75
HR77_Duni_f_ddmmyy,0
HR78_Duni_f_ddmmyy,21
HR79_Duni_f_ddmmyy,22
HR7_sp_sex_ddmmyy,8
HR80_Duni_f_ddmmyy,29
HR81_Duni_f_ddmmyy,168
HR82_Duni_f_ddmmyy,46
HR83_Duni_f_ddmmyy,137
HR84_Duni_f_ddmmyy,34
HR85_Duni_f_ddmmyy,26
HR86_Duni_f_ddmmyy,49
HR87_Duni_f_ddmmyy,7
HR88_Duni_f_ddmmyy,8
HR89_Duni_f_ddmmyy,73
HR90_Dnair_f_ddmmyy,103
HR92_Dnair_f_ddmmyy,16
HR93_Dnair_f_ddmmyy,6
HR94_Dnair_f_ddmmyy,5
HR95_Dnair_f_ddmmyy,40
HR96_Dnair_f_ddmmyy,96
HR97_Dnair_f_ddmmyy,53
HR98_Dnair_f_ddmmyy,2
HR9_sp_sex_ddmmyy,12
SH1.22_Dval_f_110722,3
SH10.22_Dval_f_110722,8
SH10_Dval_m_ddmmyy,1
SH11.22_Dval_f_110722,1
SH11_Dval_m_ddmmyy,8
SH12.22_Dval_f_110722,3
SH12_Dval_m_ddmmyy,13
SH13.22_Dval_m_110722,14
SH13_Dval_m_ddmmyy,12
SH14.22_Dval_f_110722,2
SH14_Dval_m_ddmmyy,6
SH15.22_Dval_f_110722,22
SH15_Dval_m_ddmmyy,6
SH16.22_Dval_f_110722,27
SH16_Dval_f_ddmmyy,6
SH17.22_Dval_f_110722,24
SH17_Dval_f_ddmmyy,2
SH18.22_Dval_f_110722,2
SH18_Dval_f_ddmmyy,6
SH19.22_Dval_m_110722,2
SH19_Dval_f_ddmmyy,11
SH1_Dval_m_ddmmyy,20
SH2.22_Dval_m_110722,12
SH20.22_Dval_m_110722,44
SH20_Dval_f_ddmmyy,8
SH21.22_Dval_f_110722,19
SH21_Dval_f_ddmmyy,4
SH22.22_Dval_m_110722,5
SH22_Dval_f_ddmmyy,0
SH23.22_Dval_f_110722,4
SH23_Dval_f_ddmmyy,3
SH24.22_Dval_f_110722,9
SH24_Dval_f_ddmmyy,0
SH25_Dval_f_ddmmyy,19
SH26_Dval_f_ddmmyy,5
SH27.22_Dval_m_120722,11
SH27_Dval_f_ddmmyy,4
SH28.22_Dval_m_120722,14
SH28_Dval_f_ddmmyy,3
SH29.22_Dval_f_120722,5
SH29_Dval_f_ddmmyy,33
SH2_Dval_m_ddmmyy,6
SH3.22_Dval_f_110722,17
SH30.22_Dval_f_120722,6
SH30_Dval_f_ddmmyy,2
SH31.22_Dval_m_120722,9
SH31_Dval_f_ddmmyy,2
SH32.22_Dval_f_120722,8
SH32_Dval_f_ddmmyy,0
SH33.22_Dval_f_120722,6
SH34.22_Dval_m_120722,2
SH35.22_Dval_f_120722,2
SH36.22_Dval_m_120722,2
SH37.22_Dval_f_120722,8
SH38.22_Dval_m_120722,4
SH3_Dval_m_ddmmyy,3
SH4.22_Dval_f_110722,8
SH4_Dval_m_ddmmyy,15
SH5.22_Dval_m_110722,11
SH5_Dval_m_ddmmyy,8
SH6.22_Dval_f_110722,7
SH7.22_Dval_m_110722,9
SH7_Dval_m_ddmmyy,8
SH8.22_Dval_m_110722,10
SH8_Dval_m_ddmmyy,2
SH9.22_Dval_f_110722,1
SH9_Dval_m_ddmmyy,10
SHM.svl61.lc107m426_Dval_f_230523,9
SHM.svl61.lc111.m570_Dval_m_230523,13
SHM.svl61.lc117r.m488_Dval_m_230523,23
SHM.svl62.lc100r.m405_Dval_f_230523,6
SHM.svl62.lc123.m475_Dval_m_230523,1
SHM.svl62.lc66r.m420_Dval_m_230523,5
SHM.svl64.lc120.m620_Dval_m_230523,5
SHM.svl65.lc22r.m410_Dval_f_230523,9
SHM.svl65.lc69r.m475_Dval_f_230523,10
SHM.svl66.lc97r.m579_Dval_m_230523,6
SHM.svl67.lc100r.m633_Dval_m_230523,1
SHM.svl67.lc102r.m540_Dval_m_230523,19
SHM.svl67.lc70r.m487_Dval_m_230523,2
SHM.svl70l.c59r.m560_Dval_f_230523,3
SHM.svl71.lc100r.m575_Dval_f_230523,3
SHM.svl72.lc73r.m624_Dval_f_230523,6
SHM.svl73.lc12r.m611_Dval_f_230523,17
SHM.svl74.lc121r.m685_Dval_f_230523,2
SHM.svl74.lc99r.m673_Dval_f_230523,1
SR01_Dval_f_080722,4
SR02_Darm_f_060722,9
SR03_Dval_f_080722,1
SR11_Darm_f_180923,3
SR12_Darm_f_180923,1
SR13_Darm_f_180923,5
SR14_Darm_f_180923,2
SR15_Darm_f_180923,0
SR16_Darm_f_180923,2
SR17_Dval_f_180923,1
SR18_Darm_f_180923,1
SR19_Darm_f_180923,6
SR1_Dval_f_ddmmyy,2
SR20_Darm_f_180923,4
SR21_Dval_f_190923,3
SR22_Dval_f_190923,7
SR23_Darm_f_190923,10
SR24_Darm_f_190923,4
SR2_Dval_f_ddmmyy,1
SR3_Dval_f_ddmmyy,1
SR4_Dval_f_ddmmyy,4
SR5_Dval_f_ddmmyy,6
SR6_Dval_f_ddmmyy,1
SR7_Dval_m_180923,2
SR8_Dval_m_180923,5
SR9_Darm_f_180923,2
SRM66_Dval_f_240523,0
SRM67_Dval_m_240523,0
SRM68_Dval_m_240523,10
SRM69_Dval_f_240523,1
SRM70_Dval_m_240523,1
SRM71_Dval_f_240523,8
SRM72_Dval_f_250523,0
SRM73_Dval_f_250523,2
SRM74_Dval_f_250523,1
SRM75_Dval_f_250523,3
SRM76_Dval_f_250523,4
SRM77_Dval_f_250523,2
SRM78_Darm_f_250523,0
SRM79_Darm_f_250523,9
SRM80_Darm_f_250523,6
SRM81_Darm_f_250523,14
SRM83_Darm_f_250523,0
SRM84_Dval_m_250523,4
SRM85_Dval_m_250523,5
SRM86_Dval_m_250523,3
